repository,url,age,releases,stars,loc,cbo,dit,lcom
Snailclimb/JavaGuide,https://github.com/Snailclimb/JavaGuide,4,0,131757,0,0,0,0
iluwatar/java-design-patterns,https://github.com/iluwatar/java-design-patterns,8,0,80199,0,0,0,0
MisterBooo/LeetCodeAnimation,https://github.com/MisterBooo/LeetCodeAnimation,4,0,72472,0,0,0,0
doocs/advanced-java,https://github.com/doocs/advanced-java,4,1,69010,0,0,0,0
spring-projects/spring-boot,https://github.com/spring-projects/spring-boot,10,163,66035,0,0,0,0
macrozheng/mall,https://github.com/macrozheng/mall,4,2,64043,0,0,0,0
elastic/elasticsearch,https://github.com/elastic/elasticsearch,13,108,62982,0,0,0,0
GrowingGit/GitHub-Chinese-Top-Charts,https://github.com/GrowingGit/GitHub-Chinese-Top-Charts,3,0,60382,0,0,0,0
kdn251/interviews,https://github.com/kdn251/interviews,6,0,59328,0,0,0,0
spring-projects/spring-framework,https://github.com/spring-projects/spring-framework,12,249,51026,0,0,0,0
TheAlgorithms/Java,https://github.com/TheAlgorithms/Java,6,0,50637,0,0,0,0
google/guava,https://github.com/google/guava,8,35,46952,0,0,0,0
ReactiveX/RxJava,https://github.com/ReactiveX/RxJava,10,231,46860,0,0,0,0
square/retrofit,https://github.com/square/retrofit,12,0,41253,0,0,0,0
apache/dubbo,https://github.com/apache/dubbo,10,74,38521,0,0,0,0
NationalSecurityAgency/ghidra,https://github.com/NationalSecurityAgency/ghidra,4,26,37811,0,0,0,0
PhilJay/MPAndroidChart,https://github.com/PhilJay/MPAndroidChart,8,44,36212,0,0,0,0
jeecgboot/jeecg-boot,https://github.com/jeecgboot/jeecg-boot,4,26,33809,0,0,0,0
airbnb/lottie-android,https://github.com/airbnb/lottie-android,6,44,33671,0,0,0,0
skylot/jadx,https://github.com/skylot/jadx,9,27,33647,0,0,0,0
eugenp/tutorials,https://github.com/eugenp/tutorials,9,0,33579,0,0,0,0
bumptech/glide,https://github.com/bumptech/glide,9,44,33419,0,0,0,0
geekxh/hello-algorithm,https://github.com/geekxh/hello-algorithm,2,0,32108,0,0,0,0
Blankj/AndroidUtilCode,https://github.com/Blankj/AndroidUtilCode,6,117,31930,0,0,0,0
alibaba/arthas,https://github.com/alibaba/arthas,4,47,31900,0,0,0,0
dbeaver/dbeaver,https://github.com/dbeaver/dbeaver,7,171,30954,0,0,0,0
netty/netty,https://github.com/netty/netty,12,0,30823,0,0,0,0
zxing/zxing,https://github.com/zxing/zxing,11,29,30752,0,0,0,0
xkcoding/spring-boot-demo,https://github.com/xkcoding/spring-boot-demo,5,0,28920,0,0,0,0
ityouknow/spring-boot-examples,https://github.com/ityouknow/spring-boot-examples,6,0,28640,0,0,0,0
apolloconfig/apollo,https://github.com/apolloconfig/apollo,7,38,27824,0,0,0,0
alibaba/easyexcel,https://github.com/alibaba/easyexcel,5,5,27017,0,0,0,0
crossoverJie/JCSprout,https://github.com/crossoverJie/JCSprout,5,0,26954,0,0,0,0
alibaba/druid,https://github.com/alibaba/druid,11,48,26625,0,0,0,0
halo-dev/halo,https://github.com/halo-dev/halo,4,110,26253,0,0,0,0
SeleniumHQ/selenium,https://github.com/SeleniumHQ/selenium,10,80,26003,0,0,0,0
qiurunze123/miaosha,https://github.com/qiurunze123/miaosha,4,0,25762,0,0,0,0
lenve/vhr,https://github.com/lenve/vhr,5,0,25656,0,0,0,0
alibaba/nacos,https://github.com/alibaba/nacos,4,52,25655,0,0,0,0
JakeWharton/butterknife,https://github.com/JakeWharton/butterknife,10,0,25653,0,0,0,0
dromara/hutool,https://github.com/dromara/hutool,8,129,25619,0,0,0,0
alibaba/fastjson,https://github.com/alibaba/fastjson,11,84,25199,0,0,0,0
alibaba/canal,https://github.com/alibaba/canal,10,26,25190,0,0,0,0
wuyouzhuguli/SpringAll,https://github.com/wuyouzhuguli/SpringAll,4,0,25161,0,0,0,0
proxyee-down-org/proxyee-down,https://github.com/proxyee-down-org/proxyee-down,5,49,25107,0,0,0,0
alibaba/spring-cloud-alibaba,https://github.com/alibaba/spring-cloud-alibaba,5,32,24963,0,0,0,0
hollischuang/toBeTopJavaer,https://github.com/hollischuang/toBeTopJavaer,4,0,24433,0,0,0,0
apache/kafka,https://github.com/apache/kafka,11,0,24366,0,0,0,0
greenrobot/EventBus,https://github.com/greenrobot/EventBus,10,7,24275,0,0,0,0
scwang90/SmartRefreshLayout,https://github.com/scwang90/SmartRefreshLayout,5,10,24097,0,0,0,0
xuxueli/xxl-job,https://github.com/xuxueli/xxl-job,7,31,23751,0,0,0,0
CymChad/BaseRecyclerViewAdapterHelper,https://github.com/CymChad/BaseRecyclerViewAdapterHelper,6,196,23436,0,0,0,0
seata/seata,https://github.com/seata/seata,4,35,23423,0,0,0,0
signalapp/Signal-Android,https://github.com/signalapp/Signal-Android,11,0,23393,0,0,0,0
Netflix/Hystrix,https://github.com/Netflix/Hystrix,10,79,23244,0,0,0,0
TeamNewPipe/NewPipe,https://github.com/TeamNewPipe/NewPipe,7,124,23003,0,0,0,0
google/gson,https://github.com/google/gson,7,6,21906,0,0,0,0
DrKLO/Telegram,https://github.com/DrKLO/Telegram,9,79,21670,0,0,0,0
doocs/leetcode,https://github.com/doocs/leetcode,4,19,21422,0,0,0,0
apache/skywalking,https://github.com/apache/skywalking,7,55,21394,0,0,0,0
libgdx/libgdx,https://github.com/libgdx/libgdx,10,9,21210,0,0,0,0
apache/flink,https://github.com/apache/flink,8,0,20818,0,0,0,0
redisson/redisson,https://github.com/redisson/redisson,9,120,20746,0,0,0,0
alibaba/Sentinel,https://github.com/alibaba/Sentinel,4,23,20643,0,0,0,0
google/ExoPlayer,https://github.com/google/ExoPlayer,8,23,20487,0,0,0,0
bazelbuild/bazel,https://github.com/bazelbuild/bazel,8,194,20409,0,0,0,0
jenkinsci/jenkins,https://github.com/jenkinsci/jenkins,12,245,20396,0,0,0,0
termux/termux-app,https://github.com/termux/termux-app,7,89,19920,0,0,0,0
ReactiveX/RxAndroid,https://github.com/ReactiveX/RxAndroid,8,20,19767,0,0,0,0
elunez/eladmin,https://github.com/elunez/eladmin,4,0,19405,0,0,0,0
didi/DoKit,https://github.com/didi/DoKit,4,10,19345,0,0,0,0
apache/rocketmq,https://github.com/apache/rocketmq,6,9,18864,0,0,0,0
EnterpriseQualityCoding/FizzBuzzEnterpriseEdition,https://github.com/EnterpriseQualityCoding/FizzBuzzEnterpriseEdition,10,0,18713,0,0,0,0
Baseflow/PhotoView,https://github.com/Baseflow/PhotoView,10,5,18452,0,0,0,0
CarGuo/GSYVideoPlayer,https://github.com/CarGuo/GSYVideoPlayer,6,40,18324,0,0,0,0
oracle/graal,https://github.com/oracle/graal,7,32,18303,0,0,0,0
mybatis/mybatis-3,https://github.com/mybatis/mybatis-3,10,40,18253,0,0,0,0
apache/shardingsphere,https://github.com/apache/shardingsphere,7,52,18064,0,0,0,0
brettwooldridge/HikariCP,https://github.com/brettwooldridge/HikariCP,9,0,17933,0,0,0,0
linlinjava/litemall,https://github.com/linlinjava/litemall,4,8,17785,0,0,0,0
dianping/cat,https://github.com/dianping/cat,10,3,17585,0,0,0,0
Anuken/Mindustry,https://github.com/Anuken/Mindustry,5,151,17314,0,0,0,0
forezp/SpringCloudLearning,https://github.com/forezp/SpringCloudLearning,5,0,17166,0,0,0,0
facebook/fresco,https://github.com/facebook/fresco,8,45,16920,0,0,0,0
nostra13/Android-Universal-Image-Loader,https://github.com/nostra13/Android-Universal-Image-Loader,11,0,16813,0,0,0,0
Tencent/tinker,https://github.com/Tencent/tinker,6,52,16701,0,0,0,0
shuzheng/zheng,https://github.com/shuzheng/zheng,6,0,16450,0,0,0,0
yudaocode/SpringBoot-Labs,https://github.com/yudaocode/SpringBoot-Labs,4,0,16249,0,0,0,0
winterbe/java8-tutorial,https://github.com/winterbe/java8-tutorial,8,0,16193,0,0,0,0
openzipkin/zipkin,https://github.com/openzipkin/zipkin,10,70,16050,0,0,0,0
iBotPeaches/Apktool,https://github.com/iBotPeaches/Apktool,10,16,15867,0,0,0,0
LMAX-Exchange/disruptor,https://github.com/LMAX-Exchange/disruptor,10,13,15811,0,0,0,0
OpenAPITools/openapi-generator,https://github.com/OpenAPITools/openapi-generator,4,53,15543,0,0,0,0
android10/Android-CleanArchitecture,https://github.com/android10/Android-CleanArchitecture,8,0,15305,0,0,0,0
JeffLi1993/springboot-learning-example,https://github.com/JeffLi1993/springboot-learning-example,6,0,15305,0,0,0,0
openjdk/jdk,https://github.com/openjdk/jdk,4,0,15267,0,0,0,0
keycloak/keycloak,https://github.com/keycloak/keycloak,9,33,15223,0,0,0,0
dyc87112/SpringBoot-Learning,https://github.com/dyc87112/SpringBoot-Learning,6,0,15026,0,0,0,0
Tencent/APIJSON,https://github.com/Tencent/APIJSON,6,92,14885,0,0,0,0
medcl/elasticsearch-analysis-ik,https://github.com/medcl/elasticsearch-analysis-ik,11,184,14857,0,0,0,0
material-components/material-components-android,https://github.com/material-components/material-components-android,6,67,14663,0,0,0,0
prestodb/presto,https://github.com/prestodb/presto,10,0,14525,0,0,0,0
justauth/JustAuth,https://github.com/justauth/JustAuth,4,45,14492,0,0,0,0
williamfiset/Algorithms,https://github.com/williamfiset/Algorithms,5,0,14458,0,0,0,0
hdodenhof/CircleImageView,https://github.com/hdodenhof/CircleImageView,9,0,14390,0,0,0,0
android-hacker/VirtualXposed,https://github.com/android-hacker/VirtualXposed,5,50,14197,0,0,0,0
baomidou/mybatis-plus,https://github.com/baomidou/mybatis-plus,6,24,14145,0,0,0,0
alibaba/ARouter,https://github.com/alibaba/ARouter,6,16,14117,0,0,0,0
antlr/antlr4,https://github.com/antlr/antlr4,13,28,14020,0,0,0,0
Tencent/QMUI_Android,https://github.com/Tencent/QMUI_Android,5,35,13980,0,0,0,0
mockito/mockito,https://github.com/mockito/mockito,10,199,13751,0,0,0,0
Konloch/bytecode-viewer,https://github.com/Konloch/bytecode-viewer,8,58,13567,0,0,0,0
lgvalle/Material-Animations,https://github.com/lgvalle/Material-Animations,8,0,13552,0,0,0,0
orhanobut/logger,https://github.com/orhanobut/logger,7,16,13536,0,0,0,0
heibaiying/BigData-Notes,https://github.com/heibaiying/BigData-Notes,4,0,13504,0,0,0,0
arduino/Arduino,https://github.com/arduino/Arduino,12,37,13436,0,0,0,0
eclipse-vertx/vert.x,https://github.com/eclipse-vertx/vert.x,11,0,13435,0,0,0,0
elastic/logstash,https://github.com/elastic/logstash,12,108,13322,0,0,0,0
apache/hadoop,https://github.com/apache/hadoop,8,0,13316,0,0,0,0
ben-manes/caffeine,https://github.com/ben-manes/caffeine,8,65,13262,0,0,0,0
Bigkoo/Android-PickerView,https://github.com/Bigkoo/Android-PickerView,8,0,13257,0,0,0,0
thingsboard/thingsboard,https://github.com/thingsboard/thingsboard,6,53,13254,0,0,0,0
zhisheng17/flink-learning,https://github.com/zhisheng17/flink-learning,4,0,13247,0,0,0,0
Curzibn/Luban,https://github.com/Curzibn/Luban,6,6,13195,0,0,0,0
google/tink,https://github.com/google/tink,8,21,13047,0,0,0,0
alibaba/DataX,https://github.com/alibaba/DataX,5,3,13039,0,0,0,0
lionsoul2014/ip2region,https://github.com/lionsoul2014/ip2region,7,0,12971,0,0,0,0
JessYanCoding/AndroidAutoSize,https://github.com/JessYanCoding/AndroidAutoSize,4,14,12878,0,0,0,0
deeplearning4j/deeplearning4j,https://github.com/deeplearning4j/deeplearning4j,9,0,12815,0,0,0,0
Grasscutters/Grasscutter,https://github.com/Grasscutters/Grasscutter,0,6,12704,0,0,0,0
pinpoint-apm/pinpoint,https://github.com/pinpoint-apm/pinpoint,8,52,12639,0,0,0,0
facebook/stetho,https://github.com/facebook/stetho,8,13,12623,0,0,0,0
GoogleContainerTools/jib,https://github.com/GoogleContainerTools/jib,5,145,12591,0,0,0,0
greenrobot/greenDAO,https://github.com/greenrobot/greenDAO,11,8,12561,0,0,0,0
Netflix/zuul,https://github.com/Netflix/zuul,9,5,12479,0,0,0,0
apache/druid,https://github.com/apache/druid,10,53,12457,0,0,0,0
seaswalker/spring-analysis,https://github.com/seaswalker/spring-analysis,6,0,12390,0,0,0,0
apache/pulsar,https://github.com/apache/pulsar,6,64,12388,0,0,0,0
zhihu/Matisse,https://github.com/zhihu/Matisse,5,15,12379,0,0,0,0
youth5201314/banner,https://github.com/youth5201314/banner,6,0,12317,0,0,0,0
daimajia/AndroidSwipeLayout,https://github.com/daimajia/AndroidSwipeLayout,8,18,12276,0,0,0,0
java-decompiler/jd-gui,https://github.com/java-decompiler/jd-gui,7,18,12268,0,0,0,0
LuckSiege/PictureSelector,https://github.com/LuckSiege/PictureSelector,6,112,12264,0,0,0,0
daimajia/AndroidViewAnimations,https://github.com/daimajia/AndroidViewAnimations,8,9,12244,0,0,0,0
sqshq/piggymetrics,https://github.com/sqshq/piggymetrics,7,2,12199,0,0,0,0
projectlombok/lombok,https://github.com/projectlombok/lombok,13,3,11818,0,0,0,0
macrozheng/mall-learning,https://github.com/macrozheng/mall-learning,3,0,11814,0,0,0,0
google/guice,https://github.com/google/guice,8,15,11810,0,0,0,0
dromara/Sa-Token,https://github.com/dromara/Sa-Token,3,28,11770,0,0,0,0
Netflix/eureka,https://github.com/Netflix/eureka,10,146,11730,0,0,0,0
Tencent/VasSonic,https://github.com/Tencent/VasSonic,5,10,11632,0,0,0,0
pagehelper/Mybatis-PageHelper,https://github.com/pagehelper/Mybatis-PageHelper,8,11,11578,0,0,0,0
codecentric/spring-boot-admin,https://github.com/codecentric/spring-boot-admin,8,99,11561,0,0,0,0
doocs/source-code-hunter,https://github.com/doocs/source-code-hunter,3,0,11492,0,0,0,0
quarkusio/quarkus,https://github.com/quarkusio/quarkus,4,221,11470,0,0,0,0
Yalantis/uCrop,https://github.com/Yalantis/uCrop,7,15,11451,0,0,0,0
realm/realm-java,https://github.com/realm/realm-java,10,0,11363,0,0,0,0
neo4j/neo4j,https://github.com/neo4j/neo4j,10,72,11168,0,0,0,0
androidannotations/androidannotations,https://github.com/androidannotations/androidannotations,11,0,11133,0,0,0,0
jfeinstein10/SlidingMenu,https://github.com/jfeinstein10/SlidingMenu,10,0,11132,0,0,0,0
apache/zookeeper,https://github.com/apache/zookeeper,13,0,11121,0,0,0,0
permissions-dispatcher/PermissionsDispatcher,https://github.com/permissions-dispatcher/PermissionsDispatcher,7,40,11100,0,0,0,0
frank-lam/fullstack-tutorial,https://github.com/frank-lam/fullstack-tutorial,4,0,11023,0,0,0,0
janishar/mit-deep-learning-book-pdf,https://github.com/janishar/mit-deep-learning-book-pdf,5,3,10977,0,0,0,0
kunal-kushwaha/DSA-Bootcamp-Java,https://github.com/kunal-kushwaha/DSA-Bootcamp-Java,1,0,10967,0,0,0,0
redis/jedis,https://github.com/redis/jedis,12,74,10953,0,0,0,0
theonedev/onedev,https://github.com/theonedev/onedev,4,244,10928,0,0,0,0
DuGuQiuBai/Java,https://github.com/DuGuQiuBai/Java,7,0,10842,0,0,0,0
alibaba/vlayout,https://github.com/alibaba/vlayout,6,34,10832,0,0,0,0
H07000223/FlycoTabLayout,https://github.com/H07000223/FlycoTabLayout,7,4,10813,0,0,0,0
code4craft/webmagic,https://github.com/code4craft/webmagic,9,23,10753,0,0,0,0
lingochamp/FileDownloader,https://github.com/lingochamp/FileDownloader,7,65,10745,0,0,0,0
gyf-dev/ImmersionBar,https://github.com/gyf-dev/ImmersionBar,5,0,10709,0,0,0,0
mission-peace/interview,https://github.com/mission-peace/interview,8,0,10700,0,0,0,0
pxb1988/dex2jar,https://github.com/pxb1988/dex2jar,7,6,10687,0,0,0,0
android-async-http/android-async-http,https://github.com/android-async-http/android-async-http,12,3,10645,0,0,0,0
zaproxy/zaproxy,https://github.com/zaproxy/zaproxy,7,308,10578,0,0,0,0
careercup/CtCI-6th-Edition,https://github.com/careercup/CtCI-6th-Edition,7,0,10552,0,0,0,0
jeasonlzy/okhttp-OkGo,https://github.com/jeasonlzy/okhttp-OkGo,7,14,10507,0,0,0,0
lipangit/JiaoZiVideoPlayer,https://github.com/lipangit/JiaoZiVideoPlayer,7,78,10445,0,0,0,0
tbruyelle/RxPermissions,https://github.com/tbruyelle/RxPermissions,7,11,10426,0,0,0,0
grpc/grpc-java,https://github.com/grpc/grpc-java,8,137,10406,0,0,0,0
daniulive/SmarterStreaming,https://github.com/daniulive/SmarterStreaming,6,0,10399,0,0,0,0
chefyuan/algorithm-base,https://github.com/chefyuan/algorithm-base,1,0,10351,0,0,0,0
aosp-mirror/platform_frameworks_base,https://github.com/aosp-mirror/platform_frameworks_base,14,0,10339,0,0,0,0
YunaiV/ruoyi-vue-pro,https://github.com/YunaiV/ruoyi-vue-pro,2,16,10260,0,0,0,0
questdb/questdb,https://github.com/questdb/questdb,8,62,10226,0,0,0,0
JessYanCoding/MVPArms,https://github.com/JessYanCoding/MVPArms,6,25,10199,0,0,0,0
JakeWharton/ViewPagerIndicator,https://github.com/JakeWharton/ViewPagerIndicator,11,0,10190,0,0,0,0
square/javapoet,https://github.com/square/javapoet,10,0,10101,0,0,0,0
apache/dolphinscheduler,https://github.com/apache/dolphinscheduler,4,40,10057,0,0,0,0
google/auto,https://github.com/google/auto,9,57,10042,0,0,0,0
jhy/jsoup,https://github.com/jhy/jsoup,13,9,10022,0,0,0,0
apereo/cas,https://github.com/apereo/cas,11,240,10009,0,0,0,0
gyoogle/tech-interview-for-developer,https://github.com/gyoogle/tech-interview-for-developer,3,0,9936,0,0,0,0
macrozheng/mall-swarm,https://github.com/macrozheng/mall-swarm,3,2,9929,0,0,0,0
clojure/clojure,https://github.com/clojure/clojure,12,0,9901,0,0,0,0
amitshekhariitbhu/android-interview-questions,https://github.com/amitshekhariitbhu/android-interview-questions,5,0,9817,0,0,0,0
newbee-ltd/newbee-mall,https://github.com/newbee-ltd/newbee-mall,3,0,9789,0,0,0,0
wasabeef/glide-transformations,https://github.com/wasabeef/glide-transformations,8,0,9747,0,0,0,0
YoKeyword/Fragmentation,https://github.com/YoKeyword/Fragmentation,7,30,9733,0,0,0,0
HarlonWang/AVLoadingIndicatorView,https://github.com/HarlonWang/AVLoadingIndicatorView,7,1,9697,0,0,0,0
googlesamples/easypermissions,https://github.com/googlesamples/easypermissions,7,12,9639,0,0,0,0
liaohuqiu/android-Ultra-Pull-To-Refresh,https://github.com/liaohuqiu/android-Ultra-Pull-To-Refresh,8,8,9623,0,0,0,0
yuliskov/SmartTubeNext,https://github.com/yuliskov/SmartTubeNext,2,122,9623,0,0,0,0
TooTallNate/Java-WebSocket,https://github.com/TooTallNate/Java-WebSocket,13,14,9619,0,0,0,0
react-native-camera/react-native-camera,https://github.com/react-native-camera/react-native-camera,7,144,9615,0,0,0,0
ksoichiro/Android-ObservableScrollView,https://github.com/ksoichiro/Android-ObservableScrollView,8,0,9610,0,0,0,0
paascloud/paascloud-master,https://github.com/paascloud/paascloud-master,4,0,9547,0,0,0,0
perwendel/spark,https://github.com/perwendel/spark,11,0,9465,0,0,0,0
umano/AndroidSlidingUpPanel,https://github.com/umano/AndroidSlidingUpPanel,9,8,9453,0,0,0,0
pockethub/PocketHub,https://github.com/pockethub/PocketHub,11,1,9418,0,0,0,0
bilibili/DanmakuFlameMaster,https://github.com/bilibili/DanmakuFlameMaster,9,5,9406,0,0,0,0
MyCATApache/Mycat-Server,https://github.com/MyCATApache/Mycat-Server,8,7,9376,0,0,0,0
hackware1993/MagicIndicator,https://github.com/hackware1993/MagicIndicator,6,12,9374,0,0,0,0
doocs/jvm,https://github.com/doocs/jvm,4,0,9338,0,0,0,0
OpenRefine/OpenRefine,https://github.com/OpenRefine/OpenRefine,10,45,9331,0,0,0,0
koral--/android-gif-drawable,https://github.com/koral--/android-gif-drawable,10,57,9312,0,0,0,0
lzyzsd/JsBridge,https://github.com/lzyzsd/JsBridge,8,0,9266,0,0,0,0
Activiti/Activiti,https://github.com/Activiti/Activiti,10,210,9265,0,0,0,0
lihengming/spring-boot-api-project-seed,https://github.com/lihengming/spring-boot-api-project-seed,5,4,9265,0,0,0,0
alibaba/COLA,https://github.com/alibaba/COLA,5,9,9207,0,0,0,0
asLody/VirtualApp,https://github.com/asLody/VirtualApp,6,0,9171,0,0,0,0
dataease/dataease,https://github.com/dataease/dataease,2,49,9136,0,0,0,0
cryptomator/cryptomator,https://github.com/cryptomator/cryptomator,9,146,9065,0,0,0,0
navasmdc/MaterialDesignLibrary,https://github.com/navasmdc/MaterialDesignLibrary,8,3,9054,0,0,0,0
LSPosed/LSPosed,https://github.com/LSPosed/LSPosed,2,36,8993,0,0,0,0
barry-ran/QtScrcpy,https://github.com/barry-ran/QtScrcpy,3,28,8955,0,0,0,0
metersphere/metersphere,https://github.com/metersphere/metersphere,3,181,8928,0,0,0,0
jwtk/jjwt,https://github.com/jwtk/jjwt,8,0,8907,0,0,0,0
nathanmarz/storm,https://github.com/nathanmarz/storm,11,0,8884,0,0,0,0
stanfordnlp/CoreNLP,https://github.com/stanfordnlp/CoreNLP,9,12,8881,0,0,0,0
GcsSloop/AndroidNote,https://github.com/GcsSloop/AndroidNote,7,0,8846,0,0,0,0
didi/VirtualAPK,https://github.com/didi/VirtualAPK,5,4,8820,0,0,0,0
laobie/StatusBarUtil,https://github.com/laobie/StatusBarUtil,7,0,8810,0,0,0,0
Justson/AgentWeb,https://github.com/Justson/AgentWeb,5,19,8801,0,0,0,0
android/testing-samples,https://github.com/android/testing-samples,8,0,8767,0,0,0,0
crossoverJie/cim,https://github.com/crossoverJie/cim,4,7,8759,0,0,0,0
chrisbanes/Android-PullToRefresh,https://github.com/chrisbanes/Android-PullToRefresh,11,0,8748,0,0,0,0
krahets/hello-algo,https://github.com/krahets/hello-algo,0,1,8693,0,0,0,0
OpenFeign/feign,https://github.com/OpenFeign/feign,9,28,8665,0,0,0,0
resilience4j/resilience4j,https://github.com/resilience4j/resilience4j,7,32,8631,0,0,0,0
cats-oss/android-gpuimage,https://github.com/cats-oss/android-gpuimage,10,0,8624,0,0,0,0
chrisjenx/Calligraphy,https://github.com/chrisjenx/Calligraphy,9,4,8597,0,0,0,0
Freelander/Android_Data,https://github.com/Freelander/Android_Data,7,0,8595,0,0,0,0
huanghaibin-dev/CalendarView,https://github.com/huanghaibin-dev/CalendarView,6,0,8590,0,0,0,0
Blankj/awesome-java-leetcode,https://github.com/Blankj/awesome-java-leetcode,5,0,8513,0,0,0,0
facebook/buck,https://github.com/facebook/buck,9,57,8498,0,0,0,0
roughike/BottomBar,https://github.com/roughike/BottomBar,6,4,8430,0,0,0,0
junit-team/junit4,https://github.com/junit-team/junit4,14,13,8415,0,0,0,0
firebase/quickstart-android,https://github.com/firebase/quickstart-android,6,0,8386,0,0,0,0
ybq/Android-SpinKit,https://github.com/ybq/Android-SpinKit,6,0,8374,0,0,0,0
dropwizard/dropwizard,https://github.com/dropwizard/dropwizard,12,137,8362,0,0,0,0
languagetool-org/languagetool,https://github.com/languagetool-org/languagetool,9,0,8324,0,0,0,0
debezium/debezium,https://github.com/debezium/debezium,7,0,8213,0,0,0,0
supertokens/supertokens-core,https://github.com/supertokens/supertokens-core,3,21,8204,0,0,0,0
shwenzhang/AndResGuard,https://github.com/shwenzhang/AndResGuard,7,4,8201,0,0,0,0
KunMinX/Jetpack-MVVM-Best-Practice,https://github.com/KunMinX/Jetpack-MVVM-Best-Practice,3,0,8191,0,0,0,0
florent37/MaterialViewPager,https://github.com/florent37/MaterialViewPager,7,11,8189,0,0,0,0
Netflix/conductor,https://github.com/Netflix/conductor,6,313,8177,0,0,0,0
airbnb/epoxy,https://github.com/airbnb/epoxy,6,73,8159,0,0,0,0
amitshekhariitbhu/Android-Debug-Database,https://github.com/amitshekhariitbhu/Android-Debug-Database,6,12,8146,0,0,0,0
signalapp/Signal-Server,https://github.com/signalapp/Signal-Server,9,0,8115,0,0,0,0
alibaba/atlas,https://github.com/alibaba/atlas,6,7,8096,0,0,0,0
kekingcn/kkFileView,https://github.com/kekingcn/kkFileView,5,11,8031,0,0,0,0
hs-web/hsweb-framework,https://github.com/hs-web/hsweb-framework,7,26,8006,0,0,0,0
zhoutaoo/SpringCloud,https://github.com/zhoutaoo/SpringCloud,5,0,7998,0,0,0,0
YunaiV/yudao-cloud,https://github.com/YunaiV/yudao-cloud,3,1,7959,0,0,0,0
react-native-image-picker/react-native-image-picker,https://github.com/react-native-image-picker/react-native-image-picker,7,115,7937,0,0,0,0
guolindev/LitePal,https://github.com/guolindev/LitePal,10,0,7934,0,0,0,0
Netflix/SimianArmy,https://github.com/Netflix/SimianArmy,10,4,7927,0,0,0,0
HannahMitt/HomeMirror,https://github.com/HannahMitt/HomeMirror,7,0,7889,0,0,0,0
ChrisRM/material-theme-jetbrains,https://github.com/ChrisRM/material-theme-jetbrains,7,17,7886,0,0,0,0
JakeWharton/hugo,https://github.com/JakeWharton/hugo,9,0,7878,0,0,0,0
apache/cassandra,https://github.com/apache/cassandra,13,0,7855,0,0,0,0
apache/shardingsphere-elasticjob,https://github.com/apache/shardingsphere-elasticjob,7,28,7825,0,0,0,0
google/tsunami-security-scanner,https://github.com/google/tsunami-security-scanner,2,14,7793,0,0,0,0
ssssssss-team/spider-flow,https://github.com/ssssssss-team/spider-flow,2,2,7753,0,0,0,0
json-path/JsonPath,https://github.com/json-path/JsonPath,12,8,7724,0,0,0,0
trello/RxLifecycle,https://github.com/trello/RxLifecycle,7,22,7713,0,0,0,0
dropwizard/metrics,https://github.com/dropwizard/metrics,13,104,7699,0,0,0,0
java-native-access/jna,https://github.com/java-native-access/jna,11,0,7689,0,0,0,0
apache/shenyu,https://github.com/apache/shenyu,4,8,7677,0,0,0,0
seven332/EhViewer,https://github.com/seven332/EhViewer,8,97,7673,0,0,0,0
plantuml/plantuml,https://github.com/plantuml/plantuml,12,26,7665,0,0,0,0
aritraroy/UltimateAndroidReference,https://github.com/aritraroy/UltimateAndroidReference,5,0,7656,0,0,0,0
checkstyle/checkstyle,https://github.com/checkstyle/checkstyle,9,126,7584,0,0,0,0
SonarSource/sonarqube,https://github.com/SonarSource/sonarqube,12,36,7576,0,0,0,0
alibaba/otter,https://github.com/alibaba/otter,9,10,7566,0,0,0,0
kaushikgopal/RxJava-Android-Samples,https://github.com/kaushikgopal/RxJava-Android-Samples,8,0,7548,0,0,0,0
barteksc/AndroidPdfViewer,https://github.com/barteksc/AndroidPdfViewer,6,0,7524,0,0,0,0
spring-projects/spring-security,https://github.com/spring-projects/spring-security,11,132,7512,0,0,0,0
davemorrissey/subsampling-scale-image-view,https://github.com/davemorrissey/subsampling-scale-image-view,9,21,7502,0,0,0,0
facebook/litho,https://github.com/facebook/litho,6,52,7501,0,0,0,0
sohutv/cachecloud,https://github.com/sohutv/cachecloud,7,9,7456,0,0,0,0
apache/doris,https://github.com/apache/doris,5,19,7448,0,0,0,0
vipshop/vjtools,https://github.com/vipshop/vjtools,4,9,7435,0,0,0,0
trinodb/trino,https://github.com/trinodb/trino,4,0,7397,0,0,0,0
gedoor/MyBookshelf,https://github.com/gedoor/MyBookshelf,4,165,7370,0,0,0,0
lecho/hellocharts-android,https://github.com/lecho/hellocharts-android,8,14,7370,0,0,0,0
datahub-project/datahub,https://github.com/datahub-project/datahub,7,72,7363,0,0,0,0
koush/AndroidAsync,https://github.com/koush/AndroidAsync,10,0,7350,0,0,0,0
square/dagger,https://github.com/square/dagger,10,0,7292,0,0,0,0
itwanger/toBeBetterJavaer,https://github.com/itwanger/toBeBetterJavaer,4,0,7290,0,0,0,0
google/android-classyshark,https://github.com/google/android-classyshark,7,17,7270,0,0,0,0
Bearded-Hen/Android-Bootstrap,https://github.com/Bearded-Hen/Android-Bootstrap,9,5,7269,0,0,0,0
pedant/sweet-alert-dialog,https://github.com/pedant/sweet-alert-dialog,8,2,7266,0,0,0,0
leolin310148/ShortcutBadger,https://github.com/leolin310148/ShortcutBadger,9,0,7256,0,0,0,0
google/agera,https://github.com/google/agera,7,16,7244,0,0,0,0
goldze/MVVMHabit,https://github.com/goldze/MVVMHabit,5,3,7243,0,0,0,0
cymcsg/UltimateRecyclerView,https://github.com/cymcsg/UltimateRecyclerView,8,9,7229,0,0,0,0
crazycodeboy/TakePhoto,https://github.com/crazycodeboy/TakePhoto,7,15,7214,0,0,0,0
PaperMC/Paper,https://github.com/PaperMC/Paper,7,1,7211,0,0,0,0
kevin-wayne/algs4,https://github.com/kevin-wayne/algs4,7,0,7206,0,0,0,0
awsdocs/aws-doc-sdk-examples,https://github.com/awsdocs/aws-doc-sdk-examples,6,0,7201,0,0,0,0
geeeeeeeeek/WeChatLuckyMoney,https://github.com/geeeeeeeeek/WeChatLuckyMoney,7,20,7165,0,0,0,0
swagger-api/swagger-core,https://github.com/swagger-api/swagger-core,11,85,7143,0,0,0,0
JakeWharton/ActionBarSherlock,https://github.com/JakeWharton/ActionBarSherlock,12,32,7137,0,0,0,0
dyc87112/SpringCloud-Learning,https://github.com/dyc87112/SpringCloud-Learning,6,0,7110,0,0,0,0
Qihoo360/RePlugin,https://github.com/Qihoo360/RePlugin,5,18,7108,0,0,0,0
zfile-dev/zfile,https://github.com/zfile-dev/zfile,3,60,7071,0,0,0,0
abel533/Mapper,https://github.com/abel533/Mapper,8,4,7051,0,0,0,0
flyway/flyway,https://github.com/flyway/flyway,10,176,7047,0,0,0,0
yuanguangxin/LeetCode,https://github.com/yuanguangxin/LeetCode,3,0,7041,0,0,0,0
wildfirechat/im-server,https://github.com/wildfirechat/im-server,4,81,7032,0,0,0,0
ogaclejapan/SmartTabLayout,https://github.com/ogaclejapan/SmartTabLayout,8,0,6997,0,0,0,0
li-xiaojun/XPopup,https://github.com/li-xiaojun/XPopup,4,220,6918,0,0,0,0
LawnchairLauncher/lawnchair,https://github.com/LawnchairLauncher/lawnchair,6,25,6908,0,0,0,0
testcontainers/testcontainers-java,https://github.com/testcontainers/testcontainers-java,7,61,6884,0,0,0,0
karatelabs/karate,https://github.com/karatelabs/karate,6,48,6876,0,0,0,0
hongyangAndroid/okhttputils,https://github.com/hongyangAndroid/okhttputils,7,0,6871,0,0,0,0
Exrick/xmall,https://github.com/Exrick/xmall,5,0,6858,0,0,0,0
Tencent/Shadow,https://github.com/Tencent/Shadow,3,5,6843,0,0,0,0
TechEmpower/FrameworkBenchmarks,https://github.com/TechEmpower/FrameworkBenchmarks,9,15,6841,0,0,0,0
lenve/VBlog,https://github.com/lenve/VBlog,5,0,6839,0,0,0,0
apache/jmeter,https://github.com/apache/jmeter,12,0,6830,0,0,0,0
NLPchina/elasticsearch-sql,https://github.com/NLPchina/elasticsearch-sql,8,196,6827,0,0,0,0
naman14/Timber,https://github.com/naman14/Timber,7,5,6821,0,0,0,0
DroidPluginTeam/DroidPlugin,https://github.com/DroidPluginTeam/DroidPlugin,7,2,6790,0,0,0,0
google/closure-compiler,https://github.com/google/closure-compiler,8,0,6784,0,0,0,0
gocd/gocd,https://github.com/gocd/gocd,9,74,6735,0,0,0,0
hongyangAndroid/AndroidAutoLayout,https://github.com/hongyangAndroid/AndroidAutoLayout,7,0,6688,0,0,0,0
Angel-ML/angel,https://github.com/Angel-ML/angel,5,19,6649,0,0,0,0
software-mansion/react-native-svg,https://github.com/software-mansion/react-native-svg,7,92,6627,0,0,0,0
yanzhenjie/AndPermission,https://github.com/yanzhenjie/AndPermission,6,0,6594,0,0,0,0
apache/beam,https://github.com/apache/beam,7,28,6573,0,0,0,0
zo0r/react-native-push-notification,https://github.com/zo0r/react-native-push-notification,7,35,6570,0,0,0,0
Meituan-Dianping/walle,https://github.com/Meituan-Dianping/walle,6,1,6562,0,0,0,0
opensearch-project/OpenSearch,https://github.com/opensearch-project/OpenSearch,2,29,6556,0,0,0,0
apache/tomcat,https://github.com/apache/tomcat,11,0,6551,0,0,0,0
NanoHttpd/nanohttpd,https://github.com/NanoHttpd/nanohttpd,10,3,6542,0,0,0,0
twowaits/SDE-Interview-Questions,https://github.com/twowaits/SDE-Interview-Questions,5,1,6520,0,0,0,0
markzhai/AndroidPerformanceMonitor,https://github.com/markzhai/AndroidPerformanceMonitor,7,0,6503,0,0,0,0
bytedeco/javacv,https://github.com/bytedeco/javacv,8,9,6490,0,0,0,0
react-native-video/react-native-video,https://github.com/react-native-video/react-native-video,7,10,6485,0,0,0,0
GrenderG/Toasty,https://github.com/GrenderG/Toasty,6,19,6453,0,0,0,0
Graylog2/graylog2-server,https://github.com/Graylog2/graylog2-server,12,0,6450,0,0,0,0
apache/storm,https://github.com/apache/storm,9,0,6433,0,0,0,0
zouzg/mybatis-generator-gui,https://github.com/zouzg/mybatis-generator-gui,6,16,6421,0,0,0,0
pentaho/pentaho-kettle,https://github.com/pentaho/pentaho-kettle,9,1,6402,0,0,0,0
real-logic/aeron,https://github.com/real-logic/aeron,9,84,6391,0,0,0,0
vinc3m1/RoundedImageView,https://github.com/vinc3m1/RoundedImageView,10,19,6385,0,0,0,0
zendesk/android-floating-action-button,https://github.com/zendesk/android-floating-action-button,8,0,6375,0,0,0,0
google/error-prone,https://github.com/google/error-prone,8,26,6359,0,0,0,0
guardianproject/haven,https://github.com/guardianproject/haven,6,37,6337,0,0,0,0
processing/processing,https://github.com/processing/processing,10,48,6312,0,0,0,0
koush/ion,https://github.com/koush/ion,9,0,6299,0,0,0,0
rest-assured/rest-assured,https://github.com/rest-assured/rest-assured,12,0,6280,0,0,0,0
smuyyh/BookReader,https://github.com/smuyyh/BookReader,6,0,6264,0,0,0,0
NLPchina/ansj_seg,https://github.com/NLPchina/ansj_seg,10,3,6262,0,0,0,0
ArthurHub/Android-Image-Cropper,https://github.com/ArthurHub/Android-Image-Cropper,8,32,6232,0,0,0,0
rabbitmq/rabbitmq-tutorials,https://github.com/rabbitmq/rabbitmq-tutorials,12,0,6231,0,0,0,0
flowable/flowable-engine,https://github.com/flowable/flowable-engine,6,22,6199,0,0,0,0
alibaba/transmittable-thread-local,https://github.com/alibaba/transmittable-thread-local,9,55,6171,0,0,0,0
frohoff/ysoserial,https://github.com/frohoff/ysoserial,8,1,6155,0,0,0,0
ikew0ng/SwipeBackLayout,https://github.com/ikew0ng/SwipeBackLayout,9,0,6135,0,0,0,0
mrniko/netty-socketio,https://github.com/mrniko/netty-socketio,11,6,6130,0,0,0,0
Alluxio/alluxio,https://github.com/Alluxio/alluxio,10,59,6126,0,0,0,0
rengwuxian/MaterialEditText,https://github.com/rengwuxian/MaterialEditText,8,19,6115,0,0,0,0
ximsfei/Android-skin-support,https://github.com/ximsfei/Android-skin-support,6,0,6089,0,0,0,0
sshahine/JFoenix,https://github.com/sshahine/JFoenix,7,0,6072,0,0,0,0
AsyncHttpClient/async-http-client,https://github.com/AsyncHttpClient/async-http-client,12,0,6071,0,0,0,0
aa112901/remusic,https://github.com/aa112901/remusic,6,0,6071,0,0,0,0
daimajia/NumberProgressBar,https://github.com/daimajia/NumberProgressBar,8,3,6040,0,0,0,0
MinecraftForge/MinecraftForge,https://github.com/MinecraftForge/MinecraftForge,11,0,6029,0,0,0,0
rey5137/material,https://github.com/rey5137/material,8,10,6028,0,0,0,0
pedrovgs/EffectiveAndroidUI,https://github.com/pedrovgs/EffectiveAndroidUI,8,0,6025,0,0,0,0
google/physical-web,https://github.com/google/physical-web,8,17,6023,0,0,0,0
wxiaoqi/Spring-Cloud-Platform,https://github.com/wxiaoqi/Spring-Cloud-Platform,5,3,6015,0,0,0,0
ityouknow/spring-cloud-examples,https://github.com/ityouknow/spring-cloud-examples,5,0,6013,0,0,0,0
wasabeef/richeditor-android,https://github.com/wasabeef/richeditor-android,7,0,5998,0,0,0,0
singwhatiwanna/dynamic-load-apk,https://github.com/singwhatiwanna/dynamic-load-apk,8,0,5995,0,0,0,0
mapstruct/mapstruct,https://github.com/mapstruct/mapstruct,10,26,5984,0,0,0,0
apache/zeppelin,https://github.com/apache/zeppelin,7,0,5964,0,0,0,0
wyouflf/xUtils3,https://github.com/wyouflf/xUtils3,7,9,5958,0,0,0,0
antoniolg/androidmvp,https://github.com/antoniolg/androidmvp,8,0,5957,0,0,0,0
527515025/springBoot,https://github.com/527515025/springBoot,6,0,5947,0,0,0,0
joelittlejohn/jsonschema2pojo,https://github.com/joelittlejohn/jsonschema2pojo,9,62,5939,0,0,0,0
google/j2objc,https://github.com/google/j2objc,9,39,5924,0,0,0,0
didi/KnowStreaming,https://github.com/didi/KnowStreaming,2,22,5880,0,0,0,0
gzu-liyujiang/AndroidPicker,https://github.com/gzu-liyujiang/AndroidPicker,7,54,5878,0,0,0,0
amitshekhariitbhu/from-java-to-kotlin,https://github.com/amitshekhariitbhu/from-java-to-kotlin,5,0,5862,0,0,0,0
lightbend/config,https://github.com/lightbend/config,11,0,5861,0,0,0,0
alibaba/jvm-sandbox,https://github.com/alibaba/jvm-sandbox,5,13,5853,0,0,0,0
prolificinteractive/material-calendarview,https://github.com/prolificinteractive/material-calendarview,8,22,5848,0,0,0,0
weibocom/motan,https://github.com/weibocom/motan,6,23,5840,0,0,0,0
Meituan-Dianping/Leaf,https://github.com/Meituan-Dianping/Leaf,4,0,5821,0,0,0,0
JesusFreke/smali,https://github.com/JesusFreke/smali,10,0,5813,0,0,0,0
h2pl/Java-Tutorial,https://github.com/h2pl/Java-Tutorial,4,0,5805,0,0,0,0
springfox/springfox,https://github.com/springfox/springfox,10,12,5788,0,0,0,0
google/grafika,https://github.com/google/grafika,9,1,5772,0,0,0,0
Nightonke/BoomMenu,https://github.com/Nightonke/BoomMenu,6,0,5772,0,0,0,0
graphql-java/graphql-java,https://github.com/graphql-java/graphql-java,7,49,5761,0,0,0,0
springside/springside4,https://github.com/springside/springside4,11,3,5758,0,0,0,0
lets-blade/blade,https://github.com/lets-blade/blade,7,9,5751,0,0,0,0
Devlight/InfiniteCycleViewPager,https://github.com/Devlight/InfiniteCycleViewPager,6,2,5744,0,0,0,0
JakeWharton/DiskLruCache,https://github.com/JakeWharton/DiskLruCache,11,0,5740,0,0,0,0
xiaojieonly/Ehviewer_CN_SXJ,https://github.com/xiaojieonly/Ehviewer_CN_SXJ,2,53,5730,0,0,0,0
liyifeng1994/ssm,https://github.com/liyifeng1994/ssm,6,0,5730,0,0,0,0
haifengl/smile,https://github.com/haifengl/smile,8,24,5693,0,0,0,0
JakeWharton/u2020,https://github.com/JakeWharton/u2020,9,0,5688,0,0,0,0
yarolegovich/DiscreteScrollView,https://github.com/yarolegovich/DiscreteScrollView,6,2,5681,0,0,0,0
macrozheng/springcloud-learning,https://github.com/macrozheng/springcloud-learning,3,0,5672,0,0,0,0
junit-team/junit5,https://github.com/junit-team/junit5,8,59,5656,0,0,0,0
k0shk0sh/FastHub,https://github.com/k0shk0sh/FastHub,6,63,5651,0,0,0,0
dmytrodanylyk/circular-progress-button,https://github.com/dmytrodanylyk/circular-progress-button,8,2,5645,0,0,0,0
daimajia/AndroidImageSlider,https://github.com/daimajia/AndroidImageSlider,8,5,5644,0,0,0,0
micronaut-projects/micronaut-core,https://github.com/micronaut-projects/micronaut-core,5,152,5627,0,0,0,0
jpush/aurora-imui,https://github.com/jpush/aurora-imui,6,42,5617,0,0,0,0
robolectric/robolectric,https://github.com/robolectric/robolectric,12,89,5609,0,0,0,0
amlcurran/ShowcaseView,https://github.com/amlcurran/ShowcaseView,10,13,5608,0,0,0,0
nhaarman/ListViewAnimations,https://github.com/nhaarman/ListViewAnimations,9,14,5603,0,0,0,0
changmingxie/tcc-transaction,https://github.com/changmingxie/tcc-transaction,7,6,5589,0,0,0,0
hongyangAndroid/FlowLayout,https://github.com/hongyangAndroid/FlowLayout,7,0,5565,0,0,0,0
knightliao/disconf,https://github.com/knightliao/disconf,8,12,5547,0,0,0,0
amitshekhariitbhu/Fast-Android-Networking,https://github.com/amitshekhariitbhu/Fast-Android-Networking,6,8,5538,0,0,0,0
emilsjolander/StickyListHeaders,https://github.com/emilsjolander/StickyListHeaders,11,16,5527,0,0,0,0
getActivity/AndroidProject,https://github.com/getActivity/AndroidProject,4,17,5506,0,0,0,0
sockeqwe/mosby,https://github.com/sockeqwe/mosby,7,15,5494,0,0,0,0
alibaba/freeline,https://github.com/alibaba/freeline,6,22,5487,0,0,0,0
hanks-zyh/HTextView,https://github.com/hanks-zyh/HTextView,7,0,5478,0,0,0,0
Vedenin/useful-java-links,https://github.com/Vedenin/useful-java-links,7,0,5467,0,0,0,0
quartz-scheduler/quartz,https://github.com/quartz-scheduler/quartz,7,2,5464,0,0,0,0
facebookarchive/rebound,https://github.com/facebookarchive/rebound,9,10,5455,0,0,0,0
dm77/barcodescanner,https://github.com/dm77/barcodescanner,9,6,5454,0,0,0,0
raphw/byte-buddy,https://github.com/raphw/byte-buddy,9,263,5454,0,0,0,0
fuzhengwei/itstack-demo-design,https://github.com/fuzhengwei/itstack-demo-design,2,0,5451,0,0,0,0
cabaletta/baritone,https://github.com/cabaletta/baritone,4,67,5444,0,0,0,0
yanzhenjie/SwipeRecyclerView,https://github.com/yanzhenjie/SwipeRecyclerView,6,0,5428,0,0,0,0
confluentinc/ksql,https://github.com/confluentinc/ksql,6,8,5427,0,0,0,0
microg/GmsCore,https://github.com/microg/GmsCore,8,29,5425,0,0,0,0
wiremock/wiremock,https://github.com/wiremock/wiremock,11,9,5414,0,0,0,0
crazycodeboy/react-native-splash-screen,https://github.com/crazycodeboy/react-native-splash-screen,6,12,5408,0,0,0,0
evernote/android-job,https://github.com/evernote/android-job,7,31,5387,0,0,0,0
jgilfelt/SystemBarTint,https://github.com/jgilfelt/SystemBarTint,9,3,5383,0,0,0,0
journeyapps/zxing-android-embedded,https://github.com/journeyapps/zxing-android-embedded,10,9,5363,0,0,0,0
btraceio/btrace,https://github.com/btraceio/btrace,8,30,5361,0,0,0,0
wasabeef/Blurry,https://github.com/wasabeef/Blurry,7,0,5360,0,0,0,0
apache/dubbo-spring-boot-project,https://github.com/apache/dubbo-spring-boot-project,5,13,5356,0,0,0,0
jOOQ/jOOQ,https://github.com/jOOQ/jOOQ,11,0,5344,0,0,0,0
scribejava/scribejava,https://github.com/scribejava/scribejava,12,9,5335,0,0,0,0
hibernate/hibernate-orm,https://github.com/hibernate/hibernate-orm,12,16,5320,0,0,0,0
evant/gradle-retrolambda,https://github.com/evant/gradle-retrolambda,9,37,5319,0,0,0,0
XRecyclerView/XRecyclerView,https://github.com/XRecyclerView/XRecyclerView,7,0,5318,0,0,0,0
commonsguy/cw-omnibus,https://github.com/commonsguy/cw-omnibus,11,36,5309,0,0,0,0
wuhaoyu1990/MagicCamera,https://github.com/wuhaoyu1990/MagicCamera,7,0,5299,0,0,0,0
hazelcast/hazelcast,https://github.com/hazelcast/hazelcast,10,182,5274,0,0,0,0
yixia/VitamioBundle,https://github.com/yixia/VitamioBundle,10,0,5273,0,0,0,0
KeepSafe/TapTargetView,https://github.com/KeepSafe/TapTargetView,6,23,5252,0,0,0,0
lucasr/twoway-view,https://github.com/lucasr/twoway-view,10,0,5250,0,0,0,0
h6ah4i/android-advancedrecyclerview,https://github.com/h6ah4i/android-advancedrecyclerview,8,1,5246,0,0,0,0
motianhuo/wechat,https://github.com/motianhuo/wechat,7,0,5245,0,0,0,0
Clans/FloatingActionButton,https://github.com/Clans/FloatingActionButton,7,14,5233,0,0,0,0
gephi/gephi,https://github.com/gephi/gephi,11,19,5227,0,0,0,0
ffay/lanproxy,https://github.com/ffay/lanproxy,6,1,5225,0,0,0,0
xxv/android-lifecycle,https://github.com/xxv/android-lifecycle,8,0,5217,0,0,0,0
Yalantis/Side-Menu.Android,https://github.com/Yalantis/Side-Menu.Android,8,2,5212,0,0,0,0
thinkaurelius/titan,https://github.com/thinkaurelius/titan,11,0,5212,0,0,0,0
TommyLemon/Android-ZBLibrary,https://github.com/TommyLemon/Android-ZBLibrary,7,25,5209,0,0,0,0
AriaLyy/Aria,https://github.com/AriaLyy/Aria,7,26,5194,0,0,0,0
square/otto,https://github.com/square/otto,10,0,5191,0,0,0,0
Karumi/Dexter,https://github.com/Karumi/Dexter,7,33,5187,0,0,0,0
danikula/AndroidVideoCache,https://github.com/danikula/AndroidVideoCache,7,20,5158,0,0,0,0
Nepxion/Discovery,https://github.com/Nepxion/Discovery,4,126,5156,0,0,0,0
vavr-io/vavr,https://github.com/vavr-io/vavr,9,17,5146,0,0,0,0
beemdevelopment/Aegis,https://github.com/beemdevelopment/Aegis,6,51,5145,0,0,0,0
auth0/java-jwt,https://github.com/auth0/java-jwt,9,43,5143,0,0,0,0
facebook/shimmer-android,https://github.com/facebook/shimmer-android,8,5,5140,0,0,0,0
alipay/SoloPi,https://github.com/alipay/SoloPi,3,8,5139,0,0,0,0
provectus/kafka-ui,https://github.com/provectus/kafka-ui,3,20,5139,0,0,0,0
socketio/socket.io-client-java,https://github.com/socketio/socket.io-client-java,9,5,5084,0,0,0,0
PowerJob/PowerJob,https://github.com/PowerJob/PowerJob,2,38,5083,0,0,0,0
careercup/ctci,https://github.com/careercup/ctci,9,0,5077,0,0,0,0
mybatis/generator,https://github.com/mybatis/generator,10,11,5050,0,0,0,0
wequick/Small,https://github.com/wequick/Small,7,25,5021,0,0,0,0
alibaba/UltraViewPager,https://github.com/alibaba/UltraViewPager,5,10,5016,0,0,0,0
Trinea/android-common,https://github.com/Trinea/android-common,10,1,5012,0,0,0,0
frogermcs/InstaMaterial,https://github.com/frogermcs/InstaMaterial,8,1,5010,0,0,0,0
kiegroup/drools,https://github.com/kiegroup/drools,12,0,5007,0,0,0,0
baidu/uid-generator,https://github.com/baidu/uid-generator,5,0,4987,0,0,0,0
huanghongxun/HMCL,https://github.com/huanghongxun/HMCL,7,188,4987,0,0,0,0
spring-attic/spring-mvc-showcase,https://github.com/spring-attic/spring-mvc-showcase,11,0,4987,0,0,0,0
orhanobut/dialogplus,https://github.com/orhanobut/dialogplus,8,9,4986,0,0,0,0
google/google-authenticator,https://github.com/google/google-authenticator,8,0,4978,0,0,0,0
ElderDrivers/EdXposed,https://github.com/ElderDrivers/EdXposed,4,27,4976,0,0,0,0
amitshekhariitbhu/RxJava2-Android-Samples,https://github.com/amitshekhariitbhu/RxJava2-Android-Samples,6,0,4968,0,0,0,0
yipianfengye/android-zxingLibrary,https://github.com/yipianfengye/android-zxingLibrary,6,0,4957,0,0,0,0
rubensousa/GravitySnapHelper,https://github.com/rubensousa/GravitySnapHelper,6,14,4952,0,0,0,0
Genymobile/gnirehtet,https://github.com/Genymobile/gnirehtet,6,11,4949,0,0,0,0
traex/RippleEffect,https://github.com/traex/RippleEffect,8,0,4948,0,0,0,0
Devlight/NavigationTabBar,https://github.com/Devlight/NavigationTabBar,6,13,4931,0,0,0,0
huangyanbin/smartTable,https://github.com/huangyanbin/smartTable,5,44,4929,0,0,0,0
lettuce-io/lettuce-core,https://github.com/lettuce-io/lettuce-core,8,105,4924,0,0,0,0
hustcc/JS-Sorting-Algorithm,https://github.com/hustcc/JS-Sorting-Algorithm,6,0,4914,0,0,0,0
DingMouRen/LayoutManagerGroup,https://github.com/DingMouRen/LayoutManagerGroup,4,0,4910,0,0,0,0
jeremylong/DependencyCheck,https://github.com/jeremylong/DependencyCheck,10,49,4899,0,0,0,0
razerdp/BasePopup,https://github.com/razerdp/BasePopup,7,15,4897,0,0,0,0
Ramotion/folding-cell-android,https://github.com/Ramotion/folding-cell-android,6,0,4888,0,0,0,0
google/google-java-format,https://github.com/google/google-java-format,7,18,4883,0,0,0,0
Jasonchenlijian/FastBle,https://github.com/Jasonchenlijian/FastBle,6,9,4878,0,0,0,0
JodaOrg/joda-time,https://github.com/JodaOrg/joda-time,11,42,4874,0,0,0,0
andkulikov/Transitions-Everywhere,https://github.com/andkulikov/Transitions-Everywhere,8,23,4858,0,0,0,0
lingochamp/okdownload,https://github.com/lingochamp/okdownload,5,8,4839,0,0,0,0
mcxiaoke/packer-ng-plugin,https://github.com/mcxiaoke/packer-ng-plugin,7,1,4822,0,0,0,0
claritylab/lucida,https://github.com/claritylab/lucida,8,0,4819,0,0,0,0
OpenTSDB/opentsdb,https://github.com/OpenTSDB/opentsdb,12,26,4800,0,0,0,0
apache/groovy,https://github.com/apache/groovy,7,0,4796,0,0,0,0
dromara/lamp-cloud,https://github.com/dromara/lamp-cloud,5,0,4796,0,0,0,0
LandGrey/SpringBootVulExploit,https://github.com/LandGrey/SpringBootVulExploit,2,0,4794,0,0,0,0
apache/hbase,https://github.com/apache/hbase,8,31,4792,0,0,0,0
youtube/api-samples,https://github.com/youtube/api-samples,9,0,4784,0,0,0,0
apache/incubator-seatunnel,https://github.com/apache/incubator-seatunnel,5,40,4781,0,0,0,0
etsy/AndroidStaggeredGrid,https://github.com/etsy/AndroidStaggeredGrid,9,7,4776,0,0,0,0
JanusGraph/janusgraph,https://github.com/JanusGraph/janusgraph,6,24,4762,0,0,0,0
apache/camel,https://github.com/apache/camel,13,0,4760,0,0,0,0
youlookwhat/CloudReader,https://github.com/youlookwhat/CloudReader,6,25,4759,0,0,0,0
saiwu-bigkoo/Android-ConvenientBanner,https://github.com/saiwu-bigkoo/Android-ConvenientBanner,8,0,4750,0,0,0,0
google/cameraview,https://github.com/google/cameraview,6,0,4741,0,0,0,0
AntennaPod/AntennaPod,https://github.com/AntennaPod/AntennaPod,10,48,4739,0,0,0,0
spring-projects/spring-data-examples,https://github.com/spring-projects/spring-data-examples,9,0,4730,0,0,0,0
CodingDocs/springboot-guide,https://github.com/CodingDocs/springboot-guide,4,0,4720,0,0,0,0
pardom-zz/ActiveAndroid,https://github.com/pardom-zz/ActiveAndroid,10,0,4708,0,0,0,0
spring-cloud/spring-cloud-netflix,https://github.com/spring-cloud/spring-cloud-netflix,8,3,4699,0,0,0,0
apache/hive,https://github.com/apache/hive,13,0,4698,0,0,0,0
hongyangAndroid/baseAdapter,https://github.com/hongyangAndroid/baseAdapter,7,0,4696,0,0,0,0
gabrielemariotti/cardslib,https://github.com/gabrielemariotti/cardslib,9,27,4695,0,0,0,0
deathmarine/Luyten,https://github.com/deathmarine/Luyten,9,17,4676,0,0,0,0
sofastack/sofa-boot,https://github.com/sofastack/sofa-boot,4,62,4672,0,0,0,0
jankotek/mapdb,https://github.com/jankotek/mapdb,10,0,4662,0,0,0,0
wdullaer/MaterialDateTimePicker,https://github.com/wdullaer/MaterialDateTimePicker,8,54,4661,0,0,0,0
nisrulz/android-tips-tricks,https://github.com/nisrulz/android-tips-tricks,6,0,4655,0,0,0,0
jgilfelt/chuck,https://github.com/jgilfelt/chuck,6,5,4636,0,0,0,0
spring-attic/spring-security-oauth,https://github.com/spring-attic/spring-security-oauth,11,0,4631,0,0,0,0
android/views-widgets-samples,https://github.com/android/views-widgets-samples,3,0,4631,0,0,0,0
Col-E/Recaf,https://github.com/Col-E/Recaf,5,168,4625,0,0,0,0
kyleduo/SwitchButton,https://github.com/kyleduo/SwitchButton,8,0,4623,0,0,0,0
techGay/v9porn,https://github.com/techGay/v9porn,4,9,4616,0,0,0,0
square/sqlbrite,https://github.com/square/sqlbrite,8,9,4599,0,0,0,0
javaparser/javaparser,https://github.com/javaparser/javaparser,11,40,4591,0,0,0,0
reactive-streams/reactive-streams-jvm,https://github.com/reactive-streams/reactive-streams-jvm,9,0,4587,0,0,0,0
go-lang-plugin-org/go-lang-idea-plugin,https://github.com/go-lang-plugin-org/go-lang-idea-plugin,12,21,4583,0,0,0,0
natario1/CameraView,https://github.com/natario1/CameraView,5,42,4579,0,0,0,0
SplashCodes/JAViewer,https://github.com/SplashCodes/JAViewer,6,10,4579,0,0,0,0
cglib/cglib,https://github.com/cglib/cglib,8,15,4579,0,0,0,0
chentao0707/SimplifyReader,https://github.com/chentao0707/SimplifyReader,7,0,4574,0,0,0,0
danielzeller/Depth-LIB-Android-,https://github.com/danielzeller/Depth-LIB-Android-,6,0,4574,0,0,0,0
ZHENFENG13/spring-boot-projects,https://github.com/ZHENFENG13/spring-boot-projects,5,0,4572,0,0,0,0
orientechnologies/orientdb,https://github.com/orientechnologies/orientdb,10,198,4570,0,0,0,0
2227324689/gpmall,https://github.com/2227324689/gpmall,3,0,4570,0,0,0,0
romandanylyk/PageIndicatorView,https://github.com/romandanylyk/PageIndicatorView,6,14,4566,0,0,0,0
pili-engineering/PLDroidPlayer,https://github.com/pili-engineering/PLDroidPlayer,7,42,4565,0,0,0,0
coobird/thumbnailator,https://github.com/coobird/thumbnailator,7,0,4558,0,0,0,0
Flipboard/bottomsheet,https://github.com/Flipboard/bottomsheet,7,10,4545,0,0,0,0
zhanghai/Douya,https://github.com/zhanghai/Douya,7,11,4543,0,0,0,0
jdamcd/android-crop,https://github.com/jdamcd/android-crop,9,6,4538,0,0,0,0
web3j/web3j,https://github.com/web3j/web3j,6,101,4535,0,0,0,0
bitcoinj/bitcoinj,https://github.com/bitcoinj/bitcoinj,9,1,4526,0,0,0,0
WeiYe-Jing/datax-web,https://github.com/WeiYe-Jing/datax-web,3,5,4521,0,0,0,0
hansonwang99/Spring-Boot-In-Action,https://github.com/hansonwang99/Spring-Boot-In-Action,4,0,4515,0,0,0,0
JakeWharton/NineOldAndroids,https://github.com/JakeWharton/NineOldAndroids,11,0,4512,0,0,0,0
meefik/linuxdeploy,https://github.com/meefik/linuxdeploy,10,37,4507,0,0,0,0
pig-mesh/pig,https://github.com/pig-mesh/pig,3,29,4503,0,0,0,0
roncoo/roncoo-pay,https://github.com/roncoo/roncoo-pay,6,0,4493,0,0,0,0
puniverse/quasar,https://github.com/puniverse/quasar,9,18,4490,0,0,0,0
zhanglei-workspace/shopping-management-system,https://github.com/zhanglei-workspace/shopping-management-system,7,0,4490,0,0,0,0
firebase/FirebaseUI-Android,https://github.com/firebase/FirebaseUI-Android,7,65,4486,0,0,0,0
xManager-App/xManager,https://github.com/xManager-App/xManager,2,40,4477,0,0,0,0
HotBitmapGG/bilibili-android-client,https://github.com/HotBitmapGG/bilibili-android-client,6,1,4468,0,0,0,0
alibaba/dexposed,https://github.com/alibaba/dexposed,7,0,4455,0,0,0,0
apache/pinot,https://github.com/apache/pinot,8,18,4453,0,0,0,0
reactor/reactor-core,https://github.com/reactor/reactor-core,7,133,4450,0,0,0,0
square/android-times-square,https://github.com/square/android-times-square,10,0,4441,0,0,0,0
castorflex/SmoothProgressBar,https://github.com/castorflex/SmoothProgressBar,9,9,4438,0,0,0,0
brianfrankcooper/YCSB,https://github.com/brianfrankcooper/YCSB,12,55,4434,0,0,0,0
luggit/react-native-config,https://github.com/luggit/react-native-config,7,22,4426,0,0,0,0
Doikki/DKVideoPlayer,https://github.com/Doikki/DKVideoPlayer,5,32,4420,0,0,0,0
janishar/android-mvp-architecture,https://github.com/janishar/android-mvp-architecture,6,0,4419,0,0,0,0
ronmamo/reflections,https://github.com/ronmamo/reflections,9,3,4415,0,0,0,0
javagrowing/JGrowing,https://github.com/javagrowing/JGrowing,4,0,4411,0,0,0,0
Netflix/ribbon,https://github.com/Netflix/ribbon,10,41,4398,0,0,0,0
apache/ignite,https://github.com/apache/ignite,8,0,4391,0,0,0,0
apache/rocketmq-externals,https://github.com/apache/rocketmq-externals,5,0,4373,0,0,0,0
TeamAmaze/AmazeFileManager,https://github.com/TeamAmaze/AmazeFileManager,8,65,4371,0,0,0,0
yasserg/crawler4j,https://github.com/yasserg/crawler4j,11,3,4367,0,0,0,0
CellularPrivacy/Android-IMSI-Catcher-Detector,https://github.com/CellularPrivacy/Android-IMSI-Catcher-Detector,9,48,4360,0,0,0,0
obsidiandynamics/kafdrop,https://github.com/obsidiandynamics/kafdrop,3,44,4359,0,0,0,0
citerus/dddsample-core,https://github.com/citerus/dddsample-core,8,0,4355,0,0,0,0
Exrick/xpay,https://github.com/Exrick/xpay,5,0,4347,0,0,0,0
Ashok-Varma/BottomNavigation,https://github.com/Ashok-Varma/BottomNavigation,6,16,4341,0,0,0,0
Tencent/GT,https://github.com/Tencent/GT,7,3,4333,0,0,0,0
awangdev/leet-code,https://github.com/awangdev/leet-code,7,0,4329,0,0,0,0
j-easy/easy-rules,https://github.com/j-easy/easy-rules,10,10,4319,0,0,0,0
mcxiaoke/android-volley,https://github.com/mcxiaoke/android-volley,9,0,4314,0,0,0,0
robinhood/ticker,https://github.com/robinhood/ticker,6,9,4310,0,0,0,0
Javen205/IJPay,https://github.com/Javen205/IJPay,5,24,4305,0,0,0,0
bingoogolapple/BGARefreshLayout-Android,https://github.com/bingoogolapple/BGARefreshLayout-Android,7,4,4296,0,0,0,0
Meituan-Dianping/Robust,https://github.com/Meituan-Dianping/Robust,5,13,4293,0,0,0,0
aporter/coursera-android,https://github.com/aporter/coursera-android,9,0,4281,0,0,0,0
cjlin1/libsvm,https://github.com/cjlin1/libsvm,9,0,4280,0,0,0,0
airbnb/DeepLinkDispatch,https://github.com/airbnb/DeepLinkDispatch,7,22,4270,0,0,0,0
jeasonlzy/ImagePicker,https://github.com/jeasonlzy/ImagePicker,7,5,4263,0,0,0,0
tuguangquan/mybatis,https://github.com/tuguangquan/mybatis,8,0,4261,0,0,0,0
Heeexy/SpringBoot-Shiro-Vue,https://github.com/Heeexy/SpringBoot-Shiro-Vue,5,0,4257,0,0,0,0
bisq-network/bisq,https://github.com/bisq-network/bisq,9,130,4257,0,0,0,0
vespa-engine/vespa,https://github.com/vespa-engine/vespa,6,65,4245,0,0,0,0
azkaban/azkaban,https://github.com/azkaban/azkaban,10,48,4225,0,0,0,0
grantland/android-autofittextview,https://github.com/grantland/android-autofittextview,12,1,4221,0,0,0,0
stleary/JSON-java,https://github.com/stleary/JSON-java,12,17,4217,0,0,0,0
xuexiangjys/XUI,https://github.com/xuexiangjys/XUI,4,22,4216,0,0,0,0
JSQLParser/JSqlParser,https://github.com/JSQLParser/JSqlParser,11,30,4213,0,0,0,0
rstudio/rstudio,https://github.com/rstudio/rstudio,12,0,4208,0,0,0,0
react-native-webrtc/react-native-webrtc,https://github.com/react-native-webrtc/react-native-webrtc,7,60,4200,0,0,0,0
ChadCSong/ShineButton,https://github.com/ChadCSong/ShineButton,6,2,4198,0,0,0,0
phishman3579/java-algorithms-implementation,https://github.com/phishman3579/java-algorithms-implementation,9,0,4195,0,0,0,0
pmd/pmd,https://github.com/pmd/pmd,10,85,4190,0,0,0,0
codingapi/tx-lcn,https://github.com/codingapi/tx-lcn,5,14,4189,0,0,0,0
jeecgboot/JimuReport,https://github.com/jeecgboot/JimuReport,3,5,4187,0,0,0,0
spring-projects/spring-authorization-server,https://github.com/spring-projects/spring-authorization-server,2,23,4185,0,0,0,0
chewiebug/GCViewer,https://github.com/chewiebug/GCViewer,11,5,4172,0,0,0,0
querydsl/querydsl,https://github.com/querydsl/querydsl,11,34,4172,0,0,0,0
Jacksgong/JKeyboardPanelSwitch,https://github.com/Jacksgong/JKeyboardPanelSwitch,7,14,4170,0,0,0,0
line/armeria,https://github.com/line/armeria,7,213,4160,0,0,0,0
getActivity/XXPermissions,https://github.com/getActivity/XXPermissions,4,53,4159,0,0,0,0
hugeterry/CoordinatorTabLayout,https://github.com/hugeterry/CoordinatorTabLayout,6,0,4154,0,0,0,0
objectbox/objectbox-java,https://github.com/objectbox/objectbox-java,6,35,4150,0,0,0,0
remkop/picocli,https://github.com/remkop/picocli,6,80,4148,0,0,0,0
bjmashibing/InternetArchitect,https://github.com/bjmashibing/InternetArchitect,3,0,4141,0,0,0,0
bingoogolapple/BGABanner-Android,https://github.com/bingoogolapple/BGABanner-Android,8,0,4140,0,0,0,0
dreamhead/moco,https://github.com/dreamhead/moco,10,0,4137,0,0,0,0
JZ-Darkal/AndroidHttpCapture,https://github.com/JZ-Darkal/AndroidHttpCapture,6,1,4130,0,0,0,0
ongakuer/CircleIndicator,https://github.com/ongakuer/CircleIndicator,8,7,4130,0,0,0,0
LWJGL/lwjgl3,https://github.com/LWJGL/lwjgl3,10,16,4127,0,0,0,0
ThirtyDegreesRay/OpenHub,https://github.com/ThirtyDegreesRay/OpenHub,5,31,4126,0,0,0,0
CalebFenton/simplify,https://github.com/CalebFenton/simplify,9,9,4123,0,0,0,0
pedrovgs/AndroidWiFiADB,https://github.com/pedrovgs/AndroidWiFiADB,7,8,4123,0,0,0,0
StarRocks/starrocks,https://github.com/StarRocks/starrocks,1,54,4116,0,0,0,0
baoyachi/StepView,https://github.com/baoyachi/StepView,6,13,4114,0,0,0,0
brianway/java-learning,https://github.com/brianway/java-learning,7,0,4095,0,0,0,0
alibaba/Tangram-Android,https://github.com/alibaba/Tangram-Android,5,38,4093,0,0,0,0
tiann/epic,https://github.com/tiann/epic,5,5,4071,0,0,0,0
runelite/runelite,https://github.com/runelite/runelite,6,0,4067,0,0,0,0
yhaolpz/FloatWindow,https://github.com/yhaolpz/FloatWindow,5,9,4065,0,0,0,0
mock-server/mockserver,https://github.com/mock-server/mockserver,10,0,4063,0,0,0,0
bytedeco/javacpp,https://github.com/bytedeco/javacpp,8,9,4062,0,0,0,0
dinuscxj/LoadingDrawable,https://github.com/dinuscxj/LoadingDrawable,6,0,4061,0,0,0,0
Fuzion24/JustTrustMe,https://github.com/Fuzion24/JustTrustMe,8,1,4057,0,0,0,0
rubensousa/ViewPagerCards,https://github.com/rubensousa/ViewPagerCards,6,0,4054,0,0,0,0
apache/shiro,https://github.com/apache/shiro,13,0,4052,0,0,0,0
graphhopper/graphhopper,https://github.com/graphhopper/graphhopper,11,39,4051,0,0,0,0
Yalantis/Phoenix,https://github.com/Yalantis/Phoenix,8,1,4041,0,0,0,0
hussien89aa/AndroidTutorialForBeginners,https://github.com/hussien89aa/AndroidTutorialForBeginners,6,0,4036,0,0,0,0
Freeyourgadget/Gadgetbridge,https://github.com/Freeyourgadget/Gadgetbridge,8,0,4031,0,0,0,0
Manabu-GT/ExpandableTextView,https://github.com/Manabu-GT/ExpandableTextView,8,4,4021,0,0,0,0
makovkastar/FloatingActionButton,https://github.com/makovkastar/FloatingActionButton,8,0,4019,0,0,0,0
DiUS/java-faker,https://github.com/DiUS/java-faker,11,0,4018,0,0,0,0
RedSpider1/concurrent,https://github.com/RedSpider1/concurrent,4,0,4016,0,0,0,0
BoltsFramework/Bolts-Android,https://github.com/BoltsFramework/Bolts-Android,9,11,4014,0,0,0,0
qstumn/BadgeView,https://github.com/qstumn/BadgeView,6,5,3992,0,0,0,0
apache/hudi,https://github.com/apache/hudi,6,21,3990,0,0,0,0
apache/iceberg,https://github.com/apache/iceberg,4,9,3988,0,0,0,0
eirslett/frontend-maven-plugin,https://github.com/eirslett/frontend-maven-plugin,9,0,3982,0,0,0,0
powermock/powermock,https://github.com/powermock/powermock,8,16,3982,0,0,0,0
traccar/traccar,https://github.com/traccar/traccar,10,42,3975,0,0,0,0
zlt2000/microservices-platform,https://github.com/zlt2000/microservices-platform,4,29,3975,0,0,0,0
luckybilly/CC,https://github.com/luckybilly/CC,5,0,3969,0,0,0,0
dromara/hmily,https://github.com/dromara/hmily,5,0,3969,0,0,0,0
alibaba/QLExpress,https://github.com/alibaba/QLExpress,5,2,3965,0,0,0,0
rengwuxian/RxJavaSamples,https://github.com/rengwuxian/RxJavaSamples,6,3,3963,0,0,0,0
oblac/jodd,https://github.com/oblac/jodd,10,37,3962,0,0,0,0
lcodecorex/TwinklingRefreshLayout,https://github.com/lcodecorex/TwinklingRefreshLayout,7,0,3960,0,0,0,0
saysky/ForestBlog,https://github.com/saysky/ForestBlog,5,0,3957,0,0,0,0
xcltapestry/XCL-Charts,https://github.com/xcltapestry/XCL-Charts,8,0,3949,0,0,0,0
killbill/killbill,https://github.com/killbill/killbill,10,136,3947,0,0,0,0
alibaba/jstorm,https://github.com/alibaba/jstorm,9,22,3939,0,0,0,0
mik3y/usb-serial-for-android,https://github.com/mik3y/usb-serial-for-android,9,23,3933,0,0,0,0
oldmanpushcart/greys-anatomy,https://github.com/oldmanpushcart/greys-anatomy,10,0,3924,0,0,0,0
spring-cloud/spring-cloud-gateway,https://github.com/spring-cloud/spring-cloud-gateway,6,1,3923,0,0,0,0
orhanobut/hawk,https://github.com/orhanobut/hawk,8,22,3919,0,0,0,0
Piasy/BigImageViewer,https://github.com/Piasy/BigImageViewer,6,0,3916,0,0,0,0
JoanZapata/android-iconify,https://github.com/JoanZapata/android-iconify,9,0,3910,0,0,0,0
CaffeineMC/sodium-fabric,https://github.com/CaffeineMC/sodium-fabric,3,19,3903,0,0,0,0
baomidou/dynamic-datasource-spring-boot-starter,https://github.com/baomidou/dynamic-datasource-spring-boot-starter,4,10,3902,0,0,0,0
failsafe-lib/failsafe,https://github.com/failsafe-lib/failsafe,7,0,3896,0,0,0,0
PojavLauncherTeam/PojavLauncher,https://github.com/PojavLauncherTeam/PojavLauncher,3,123,3878,0,0,0,0
bluelinelabs/Conductor,https://github.com/bluelinelabs/Conductor,6,21,3873,0,0,0,0
microsoft/malmo,https://github.com/microsoft/malmo,6,21,3867,0,0,0,0
alibaba/dragonwell8,https://github.com/alibaba/dragonwell8,4,23,3856,0,0,0,0
aurelhubert/ahbottomnavigation,https://github.com/aurelhubert/ahbottomnavigation,6,14,3856,0,0,0,0
pqpo/SmartCropper,https://github.com/pqpo/SmartCropper,5,13,3845,0,0,0,0
databricks/learning-spark,https://github.com/databricks/learning-spark,8,0,3837,0,0,0,0
code4craft/tiny-spring,https://github.com/code4craft/tiny-spring,9,0,3836,0,0,0,0
jitsi/jitsi,https://github.com/jitsi/jitsi,9,7,3825,0,0,0,0
micrometer-metrics/micrometer,https://github.com/micrometer-metrics/micrometer,5,175,3822,0,0,0,0
mybatis/spring-boot-starter,https://github.com/mybatis/spring-boot-starter,7,26,3822,0,0,0,0
jagrosh/MusicBot,https://github.com/jagrosh/MusicBot,6,34,3820,0,0,0,0
MiguelCatalan/MaterialSearchView,https://github.com/MiguelCatalan/MaterialSearchView,7,6,3819,0,0,0,0
oracle/opengrok,https://github.com/oracle/opengrok,10,213,3818,0,0,0,0
alibaba/jetcache,https://github.com/alibaba/jetcache,5,62,3814,0,0,0,0
zzhoujay/RichText,https://github.com/zzhoujay/RichText,7,0,3803,0,0,0,0
981011512/--,https://github.com/981011512/--,2,0,3802,0,0,0,0
roboguice/roboguice,https://github.com/roboguice/roboguice,10,0,3794,0,0,0,0
google/open-location-code,https://github.com/google/open-location-code,8,5,3786,0,0,0,0
binIoter/GuideView,https://github.com/binIoter/GuideView,6,0,3785,0,0,0,0
GeyserMC/Geyser,https://github.com/GeyserMC/Geyser,3,0,3782,0,0,0,0
jboss-javassist/javassist,https://github.com/jboss-javassist/javassist,9,21,3775,0,0,0,0
fuzhengwei/small-spring,https://github.com/fuzhengwei/small-spring,1,0,3763,0,0,0,0
lzyzsd/CircleProgress,https://github.com/lzyzsd/CircleProgress,8,0,3750,0,0,0,0
timehop/sticky-headers-recyclerview,https://github.com/timehop/sticky-headers-recyclerview,8,0,3749,0,0,0,0
liquibase/liquibase,https://github.com/liquibase/liquibase,11,83,3738,0,0,0,0
will-che/flink-recommandSystem-demo,https://github.com/will-che/flink-recommandSystem-demo,3,0,3737,0,0,0,0
NekoX-Dev/NekoX,https://github.com/NekoX-Dev/NekoX,2,186,3727,0,0,0,0
youlookwhat/DesignPattern,https://github.com/youlookwhat/DesignPattern,6,0,3724,0,0,0,0
amirzaidi/Launcher3,https://github.com/amirzaidi/Launcher3,5,22,3724,0,0,0,0
willowtreeapps/spruce-android,https://github.com/willowtreeapps/spruce-android,6,3,3715,0,0,0,0
sunfusheng/MarqueeView,https://github.com/sunfusheng/MarqueeView,6,0,3714,0,0,0,0
lygttpod/SuperTextView,https://github.com/lygttpod/SuperTextView,6,39,3713,0,0,0,0
CatVodTVOfficial/TVBoxOSC,https://github.com/CatVodTVOfficial/TVBoxOSC,0,0,3711,0,0,0,0
yanzhenjie/NoHttp,https://github.com/yanzhenjie/NoHttp,7,0,3711,0,0,0,0
apache/calcite,https://github.com/apache/calcite,8,0,3710,0,0,0,0
strimzi/strimzi-kafka-operator,https://github.com/strimzi/strimzi-kafka-operator,6,114,3709,0,0,0,0
NotFound9/interviewGuide,https://github.com/NotFound9/interviewGuide,6,0,3698,0,0,0,0
opengoofy/hippo4j,https://github.com/opengoofy/hippo4j,1,17,3693,0,0,0,0
mercyblitz/tech-weekly,https://github.com/mercyblitz/tech-weekly,4,0,3693,0,0,0,0
rovo89/XposedInstaller,https://github.com/rovo89/XposedInstaller,10,0,3684,0,0,0,0
andOTP/andOTP,https://github.com/andOTP/andOTP,5,38,3673,0,0,0,0
yangfuhai/ASimpleCache,https://github.com/yangfuhai/ASimpleCache,9,0,3668,0,0,0,0
ververica/flink-cdc-connectors,https://github.com/ververica/flink-cdc-connectors,2,11,3665,0,0,0,0
sofastack/sofa-rpc,https://github.com/sofastack/sofa-rpc,4,52,3664,0,0,0,0
apache/nifi,https://github.com/apache/nifi,8,0,3661,0,0,0,0
PhilippC/keepass2android,https://github.com/PhilippC/keepass2android,5,22,3660,0,0,0,0
linyiqun/DataMiningAlgorithm,https://github.com/linyiqun/DataMiningAlgorithm,8,0,3660,0,0,0,0
201206030/novel,https://github.com/201206030/novel,3,9,3659,0,0,0,0
ryanhoo/StylishMusicPlayer,https://github.com/ryanhoo/StylishMusicPlayer,6,0,3656,0,0,0,0
jetlinks/jetlinks-community,https://github.com/jetlinks/jetlinks-community,3,16,3656,0,0,0,0
apache/incubator-heron,https://github.com/apache/incubator-heron,7,56,3649,0,0,0,0
qunarcorp/bistoury,https://github.com/qunarcorp/bistoury,3,8,3646,0,0,0,0
h2database/h2database,https://github.com/h2database/h2database,7,18,3640,0,0,0,0
knowm/XChange,https://github.com/knowm/XChange,11,0,3632,0,0,0,0
crate/crate,https://github.com/crate/crate,9,59,3628,0,0,0,0
litesuits/android-common,https://github.com/litesuits/android-common,8,0,3626,0,0,0,0
Exrick/xboot,https://github.com/Exrick/xboot,4,6,3625,0,0,0,0
Ereza/CustomActivityOnCrash,https://github.com/Ereza/CustomActivityOnCrash,8,12,3622,0,0,0,0
oshi/oshi,https://github.com/oshi/oshi,11,138,3621,0,0,0,0
mpusher/mpush,https://github.com/mpusher/mpush,6,9,3620,0,0,0,0
CameraKit/blurkit-android,https://github.com/CameraKit/blurkit-android,6,3,3611,0,0,0,0
google/rejoiner,https://github.com/google/rejoiner,5,3,3608,0,0,0,0
rockerhieu/emojicon,https://github.com/rockerhieu/emojicon,9,2,3608,0,0,0,0
jindrapetrik/jpexs-decompiler,https://github.com/jindrapetrik/jpexs-decompiler,8,146,3607,0,0,0,0
Atmosphere/atmosphere,https://github.com/Atmosphere/atmosphere,12,0,3607,0,0,0,0
tianshiyeben/wgcloud,https://github.com/tianshiyeben/wgcloud,4,17,3606,0,0,0,0
tyrantgit/ExplosionField,https://github.com/tyrantgit/ExplosionField,7,0,3589,0,0,0,0
stfalcon-studio/ChatKit,https://github.com/stfalcon-studio/ChatKit,6,1,3588,0,0,0,0
stylefeng/Guns,https://github.com/stylefeng/Guns,5,0,3584,0,0,0,0
osmandapp/OsmAnd,https://github.com/osmandapp/OsmAnd,12,1,3583,0,0,0,0
kikoso/android-stackblur,https://github.com/kikoso/android-stackblur,9,0,3582,0,0,0,0
dongjunkun/DropDownMenu,https://github.com/dongjunkun/DropDownMenu,7,2,3581,0,0,0,0
ant-media/Ant-Media-Server,https://github.com/ant-media/Ant-Media-Server,6,43,3581,0,0,0,0
rubenlagus/TelegramBots,https://github.com/rubenlagus/TelegramBots,7,77,3581,0,0,0,0
zendesk/maxwell,https://github.com/zendesk/maxwell,8,197,3578,0,0,0,0
johncarl81/parceler,https://github.com/johncarl81/parceler,9,0,3573,0,0,0,0
promeG/TinyPinyin,https://github.com/promeG/TinyPinyin,7,2,3566,0,0,0,0
ddd-by-examples/library,https://github.com/ddd-by-examples/library,4,0,3562,0,0,0,0
JeremyLiao/LiveEventBus,https://github.com/JeremyLiao/LiveEventBus,4,0,3559,0,0,0,0
nytimes/Store,https://github.com/nytimes/Store,6,0,3558,0,0,0,0
DV8FromTheWorld/JDA,https://github.com/DV8FromTheWorld/JDA,7,69,3557,0,0,0,0
JavaNoober/BackgroundLibrary,https://github.com/JavaNoober/BackgroundLibrary,4,13,3554,0,0,0,0
ethanhua/Skeleton,https://github.com/ethanhua/Skeleton,5,0,3551,0,0,0,0
jacoco/jacoco,https://github.com/jacoco/jacoco,10,44,3550,0,0,0,0
jbloch/effective-java-3e-source-code,https://github.com/jbloch/effective-java-3e-source-code,4,0,3545,0,0,0,0
lsjwzh/RecyclerViewPager,https://github.com/lsjwzh/RecyclerViewPager,8,10,3544,0,0,0,0
wendux/DSBridge-Android,https://github.com/wendux/DSBridge-Android,6,2,3542,0,0,0,0
luontola/retrolambda,https://github.com/luontola/retrolambda,9,0,3542,0,0,0,0
fishercoder1534/Leetcode,https://github.com/fishercoder1534/Leetcode,6,0,3540,0,0,0,0
arimorty/floatingsearchview,https://github.com/arimorty/floatingsearchview,7,0,3534,0,0,0,0
mcxtzhang/SwipeDelMenuLayout,https://github.com/mcxtzhang/SwipeDelMenuLayout,6,2,3528,0,0,0,0
JakeWharton/ThreeTenABP,https://github.com/JakeWharton/ThreeTenABP,7,0,3524,0,0,0,0
killme2008/aviatorscript,https://github.com/killme2008/aviatorscript,11,49,3524,0,0,0,0
bilibili/MagicaSakura,https://github.com/bilibili/MagicaSakura,6,3,3524,0,0,0,0
apache/maven,https://github.com/apache/maven,13,5,3523,0,0,0,0
liuyubobobo/Play-with-Algorithms,https://github.com/liuyubobobo/Play-with-Algorithms,6,0,3519,0,0,0,0
davideas/FlexibleAdapter,https://github.com/davideas/FlexibleAdapter,7,30,3517,0,0,0,0
baoyongzhang/SwipeMenuListView,https://github.com/baoyongzhang/SwipeMenuListView,8,2,3514,0,0,0,0
eclipse/jetty.project,https://github.com/eclipse/jetty.project,11,61,3514,0,0,0,0
jeequan/jeepay,https://github.com/jeequan/jeepay,5,0,3508,0,0,0,0
dropbox/hackpad,https://github.com/dropbox/hackpad,7,0,3503,0,0,0,0
andremion/Music-Player,https://github.com/andremion/Music-Player,6,2,3493,0,0,0,0
DTStack/chunjun,https://github.com/DTStack/chunjun,4,30,3493,0,0,0,0
codeestX/GeekNews,https://github.com/codeestX/GeekNews,6,0,3490,0,0,0,0
nayuki/QR-Code-generator,https://github.com/nayuki/QR-Code-generator,6,3,3488,0,0,0,0
lisawray/groupie,https://github.com/lisawray/groupie,6,28,3480,0,0,0,0
MovingBlocks/Terasology,https://github.com/MovingBlocks/Terasology,12,69,3477,0,0,0,0
WVector/AppUpdate,https://github.com/WVector/AppUpdate,5,3,3476,0,0,0,0
linkedin/databus,https://github.com/linkedin/databus,10,0,3474,0,0,0,0
code4craft/netty-learning,https://github.com/code4craft/netty-learning,9,0,3470,0,0,0,0
networknt/light-4j,https://github.com/networknt/light-4j,6,159,3470,0,0,0,0
gz-yami/mall4j,https://github.com/gz-yami/mall4j,3,1,3467,0,0,0,0
xcc3641/SeeWeather,https://github.com/xcc3641/SeeWeather,7,2,3465,0,0,0,0
openhab/openhab1-addons,https://github.com/openhab/openhab1-addons,9,14,3451,0,0,0,0
ikarus23/MifareClassicTool,https://github.com/ikarus23/MifareClassicTool,10,2,3449,0,0,0,0
apache/kylin,https://github.com/apache/kylin,8,0,3439,0,0,0,0
zq2599/blog_demos,https://github.com/zq2599/blog_demos,5,0,3435,0,0,0,0
googlemaps/android-maps-utils,https://github.com/googlemaps/android-maps-utils,9,32,3432,0,0,0,0
guolindev/giffun,https://github.com/guolindev/giffun,4,0,3428,0,0,0,0
lilishop/lilishop,https://github.com/lilishop/lilishop,1,3,3423,0,0,0,0
google/data-transfer-project,https://github.com/google/data-transfer-project,5,55,3422,0,0,0,0
crossoverJie/SSM,https://github.com/crossoverJie/SSM,6,10,3421,0,0,0,0
KunMinX/Linkage-RecyclerView,https://github.com/KunMinX/Linkage-RecyclerView,3,0,3419,0,0,0,0
yigit/android-priority-jobqueue,https://github.com/yigit/android-priority-jobqueue,8,0,3410,0,0,0,0
avast/android-butterknife-zelezny,https://github.com/avast/android-butterknife-zelezny,9,8,3407,0,0,0,0
alamkanak/Android-Week-View,https://github.com/alamkanak/Android-Week-View,8,4,3388,0,0,0,0
sherxon/AlgoDS,https://github.com/sherxon/AlgoDS,6,0,3388,0,0,0,0
vert-x3/vertx-examples,https://github.com/vert-x3/vertx-examples,8,0,3384,0,0,0,0
ZhongFuCheng3y/austin,https://github.com/ZhongFuCheng3y/austin,1,0,3379,0,0,0,0
ittianyu/BottomNavigationViewEx,https://github.com/ittianyu/BottomNavigationViewEx,6,19,3369,0,0,0,0
hmkcode/Android,https://github.com/hmkcode/Android,9,0,3357,0,0,0,0
abel533/MyBatis-Spring-Boot,https://github.com/abel533/MyBatis-Spring-Boot,7,0,3357,0,0,0,0
vaticle/typedb,https://github.com/vaticle/typedb,6,94,3353,0,0,0,0
KingJA/LoadSir,https://github.com/KingJA/LoadSir,5,6,3351,0,0,0,0
rubensousa/PreviewSeekBar,https://github.com/rubensousa/PreviewSeekBar,6,8,3348,0,0,0,0
awaitility/awaitility,https://github.com/awaitility/awaitility,13,0,3346,0,0,0,0
ivacf/archi,https://github.com/ivacf/archi,7,0,3346,0,0,0,0
VaughnVernon/IDDD_Samples,https://github.com/VaughnVernon/IDDD_Samples,9,0,3344,0,0,0,0
jMonkeyEngine/jmonkeyengine,https://github.com/jMonkeyEngine/jmonkeyengine,8,54,3343,0,0,0,0
GitLqr/LQRWeChat,https://github.com/GitLqr/LQRWeChat,6,0,3342,0,0,0,0
RipMeApp/ripme,https://github.com/RipMeApp/ripme,6,126,3342,0,0,0,0
spockframework/spock,https://github.com/spockframework/spock,12,21,3338,0,0,0,0
CoderLeixiaoshuai/java-eight-part,https://github.com/CoderLeixiaoshuai/java-eight-part,2,0,3332,0,0,0,0
diffplug/spotless,https://github.com/diffplug/spotless,7,0,3322,0,0,0,0
iammert/ScalingLayout,https://github.com/iammert/ScalingLayout,5,4,3321,0,0,0,0
luojilab/DDComponentForAndroid,https://github.com/luojilab/DDComponentForAndroid,5,4,3320,0,0,0,0
shekhargulati/99-problems,https://github.com/shekhargulati/99-problems,7,0,3316,0,0,0,0
fyhertz/libstreaming,https://github.com/fyhertz/libstreaming,10,0,3312,0,0,0,0
yanzhenjie/AndServer,https://github.com/yanzhenjie/AndServer,6,0,3310,0,0,0,0
nextcloud/android,https://github.com/nextcloud/android,6,207,3310,0,0,0,0
actorapp/actor-platform,https://github.com/actorapp/actor-platform,7,97,3309,0,0,0,0
undertow-io/undertow,https://github.com/undertow-io/undertow,10,0,3308,0,0,0,0
huburt-Hu/NewbieGuide,https://github.com/huburt-Hu/NewbieGuide,5,20,3306,0,0,0,0
alibaba/Alink,https://github.com/alibaba/Alink,4,20,3302,0,0,0,0
google/volley,https://github.com/google/volley,6,9,3300,0,0,0,0
uber/NullAway,https://github.com/uber/NullAway,5,0,3299,0,0,0,0
wix/react-native-notifications,https://github.com/wix/react-native-notifications,6,24,2957,0,0,0,0
CrawlScript/WebCollector,https://github.com/CrawlScript/WebCollector,8,0,2957,0,0,0,0
kiegroup/optaplanner,https://github.com/kiegroup/optaplanner,12,0,2941,0,0,0,0
bmelnychuk/AndroidTreeView,https://github.com/bmelnychuk/AndroidTreeView,8,0,2939,0,0,0,0
halirutan/IntelliJ-Key-Promoter-X,https://github.com/halirutan/IntelliJ-Key-Promoter-X,5,23,2937,0,0,0,0
JackyAndroid/AndroidTVLauncher,https://github.com/JackyAndroid/AndroidTVLauncher,6,3,2932,0,0,0,0
bastillion-io/Bastillion,https://github.com/bastillion-io/Bastillion,10,17,2930,0,0,0,0
hneemann/Digital,https://github.com/hneemann/Digital,6,34,2928,0,0,0,0
KeepSafe/ReLinker,https://github.com/KeepSafe/ReLinker,7,12,2927,0,0,0,0
JabRef/jabref,https://github.com/JabRef/jabref,9,37,2922,0,0,0,0
201206030/novel-plus,https://github.com/201206030/novel-plus,2,19,2913,0,0,0,0
lihangleo2/ShadowLayout,https://github.com/lihangleo2/ShadowLayout,3,27,2911,0,0,0,0
yacy/yacy_search_server,https://github.com/yacy/yacy_search_server,7,0,2909,0,0,0,0
microservices-patterns/ftgo-application,https://github.com/microservices-patterns/ftgo-application,5,0,2904,0,0,0,0
yangchong211/YCAppTool,https://github.com/yangchong211/YCAppTool,5,10,2903,0,0,0,0
googlesamples/google-services,https://github.com/googlesamples/google-services,7,0,2903,0,0,0,0
648540858/wvp-GB28181-pro,https://github.com/648540858/wvp-GB28181-pro,2,0,2902,0,0,0,0
iwgang/CountdownView,https://github.com/iwgang/CountdownView,7,3,2896,0,0,0,0
Netflix/concurrency-limits,https://github.com/Netflix/concurrency-limits,5,92,2896,0,0,0,0
OpenHFT/Chronicle-Queue,https://github.com/OpenHFT/Chronicle-Queue,9,448,2892,0,0,0,0
pytorch/serve,https://github.com/pytorch/serve,3,16,3229,0,0,0,0
bluelinelabs/LoganSquare,https://github.com/bluelinelabs/LoganSquare,8,0,3227,0,0,0,0
WritingMinds/ffmpeg-android-java,https://github.com/WritingMinds/ffmpeg-android-java,8,8,3226,0,0,0,0
BelooS/ChipsLayoutManager,https://github.com/BelooS/ChipsLayoutManager,6,11,3222,0,0,0,0
eleme/UETool,https://github.com/eleme/UETool,4,10,3219,0,0,0,0
eishay/jvm-serializers,https://github.com/eishay/jvm-serializers,12,0,3219,0,0,0,0
dariuszseweryn/RxAndroidBle,https://github.com/dariuszseweryn/RxAndroidBle,7,56,3214,0,0,0,0
kestra-io/kestra,https://github.com/kestra-io/kestra,3,16,3211,0,0,0,0
s4kibs4mi/java-developer-roadmap,https://github.com/s4kibs4mi/java-developer-roadmap,3,0,3208,0,0,0,0
bauerca/drag-sort-listview,https://github.com/bauerca/drag-sort-listview,10,0,3206,0,0,0,0
daimajia/AndroidViewHover,https://github.com/daimajia/AndroidViewHover,8,4,3202,0,0,0,0
woxingxiao/BubbleSeekBar,https://github.com/woxingxiao/BubbleSeekBar,6,12,3201,0,0,0,0
bilibili/boxing,https://github.com/bilibili/boxing,6,1,3199,0,0,0,0
pengjianbo/GalleryFinal,https://github.com/pengjianbo/GalleryFinal,7,4,3198,0,0,0,0
jfinal/jfinal,https://github.com/jfinal/jfinal,10,0,3190,0,0,0,0
aragozin/jvm-tools,https://github.com/aragozin/jvm-tools,10,0,3187,0,0,0,0
alibaba/cobar,https://github.com/alibaba/cobar,9,1,3184,0,0,0,0
JCTools/JCTools,https://github.com/JCTools/JCTools,9,16,3181,0,0,0,0
angryip/ipscan,https://github.com/angryip/ipscan,11,30,3180,0,0,0,0
Red5/red5-server,https://github.com/Red5/red5-server,9,73,3179,0,0,0,0
chrisbanes/ActionBar-PullToRefresh,https://github.com/chrisbanes/ActionBar-PullToRefresh,9,0,3176,0,0,0,0
camunda/camunda-bpm-platform,https://github.com/camunda/camunda-bpm-platform,10,0,3175,0,0,0,0
charles2gan/GDA-android-reversing-Tool,https://github.com/charles2gan/GDA-android-reversing-Tool,5,34,3175,0,0,0,0
amulyakhare/TextDrawable,https://github.com/amulyakhare/TextDrawable,8,0,3174,0,0,0,0
facebookarchive/network-connection-class,https://github.com/facebookarchive/network-connection-class,7,2,3170,0,0,0,0
yangfuhai/afinal,https://github.com/yangfuhai/afinal,10,0,3168,0,0,0,0
zzz40500/GsonFormat,https://github.com/zzz40500/GsonFormat,8,4,3165,0,0,0,0
jtablesaw/tablesaw,https://github.com/jtablesaw/tablesaw,7,79,3165,0,0,0,0
guoguibing/librec,https://github.com/guoguibing/librec,9,3,3158,0,0,0,0
Skykai521/StickerCamera,https://github.com/Skykai521/StickerCamera,7,0,3158,0,0,0,0
phodal/migration,https://github.com/phodal/migration,3,0,3157,0,0,0,0
nicolasgramlich/AndEngine,https://github.com/nicolasgramlich/AndEngine,11,0,3155,0,0,0,0
android-notes/Cockroach,https://github.com/android-notes/Cockroach,6,1,3153,0,0,0,0
bitcoin-wallet/bitcoin-wallet,https://github.com/bitcoin-wallet/bitcoin-wallet,10,18,3153,0,0,0,0
Sayi/poi-tl,https://github.com/Sayi/poi-tl,7,13,3141,0,0,0,0
allure-framework/allure2,https://github.com/allure-framework/allure2,6,56,3140,0,0,0,0
crazyandcoder/citypicker,https://github.com/crazyandcoder/citypicker,6,4,3135,0,0,0,0
danylovolokh/VideoPlayerManager,https://github.com/danylovolokh/VideoPlayerManager,7,0,3135,0,0,0,0
gouthampradhan/leetcode,https://github.com/gouthampradhan/leetcode,6,0,3134,0,0,0,0
tonikelope/megabasterd,https://github.com/tonikelope/megabasterd,6,178,3133,0,0,0,0
airbnb/native-navigation,https://github.com/airbnb/native-navigation,6,0,3132,0,0,0,0
logisim-evolution/logisim-evolution,https://github.com/logisim-evolution/logisim-evolution,8,29,3132,0,0,0,0
shuzijun/leetcode-editor,https://github.com/shuzijun/leetcode-editor,3,41,3131,0,0,0,0
sofastack/sofa-jraft,https://github.com/sofastack/sofa-jraft,4,25,3131,0,0,0,0
hitherejoe/animate,https://github.com/hitherejoe/animate,7,0,3129,0,0,0,0
hongyangAndroid/Highlight,https://github.com/hongyangAndroid/Highlight,7,0,3126,0,0,0,0
java8/Java8InAction,https://github.com/java8/Java8InAction,9,0,3120,0,0,0,0
requery/requery,https://github.com/requery/requery,7,43,3116,0,0,0,0
yipianfengye/android-adDialog,https://github.com/yipianfengye/android-adDialog,6,0,3114,0,0,0,0
dunwu/db-tutorial,https://github.com/dunwu/db-tutorial,5,0,3112,0,0,0,0
amitshekhariitbhu/PRDownloader,https://github.com/amitshekhariitbhu/PRDownloader,5,5,3104,0,0,0,0
zhpanvip/BannerViewPager,https://github.com/zhpanvip/BannerViewPager,5,55,3097,0,0,0,0
apache/iotdb,https://github.com/apache/iotdb,4,28,3091,0,0,0,0
Mojang/brigadier,https://github.com/Mojang/brigadier,8,3,3090,0,0,0,0
mplushnikov/lombok-intellij-plugin,https://github.com/mplushnikov/lombok-intellij-plugin,9,116,3072,0,0,0,0
spring-io/initializr,https://github.com/spring-io/initializr,9,13,3070,0,0,0,0
geoserver/geoserver,https://github.com/geoserver/geoserver,11,26,3069,0,0,0,0
zaaach/CityPicker,https://github.com/zaaach/CityPicker,7,2,3065,0,0,0,0
zhou-you/RxEasyHttp,https://github.com/zhou-you/RxEasyHttp,5,0,3062,0,0,0,0
gabrielemariotti/RecyclerViewItemAnimators,https://github.com/gabrielemariotti/RecyclerViewItemAnimators,8,0,3059,0,0,0,0
Marswin/MarsDaemon,https://github.com/Marswin/MarsDaemon,7,0,3059,0,0,0,0
Dimezis/BlurView,https://github.com/Dimezis/BlurView,6,26,3057,0,0,0,0
pingfangushi/screw,https://github.com/pingfangushi/screw,2,0,3056,0,0,0,0
eclipse-openj9/openj9,https://github.com/eclipse-openj9/openj9,5,36,3056,0,0,0,0
mxdldev/android-mvp-mvvm-flytour,https://github.com/mxdldev/android-mvp-mvvm-flytour,4,11,3056,0,0,0,0
deepjavalibrary/djl,https://github.com/deepjavalibrary/djl,3,22,3054,0,0,0,0
florent37/ShapeOfView,https://github.com/florent37/ShapeOfView,5,0,3050,0,0,0,0
sofastack/sofa-jarslink,https://github.com/sofastack/sofa-jarslink,5,2,3049,0,0,0,0
evrencoskun/TableView,https://github.com/evrencoskun/TableView,5,12,3043,0,0,0,0
zwwill/yanxuan-weex-demo,https://github.com/zwwill/yanxuan-weex-demo,5,0,3041,0,0,0,0
ZHENFENG13/My-Blog,https://github.com/ZHENFENG13/My-Blog,4,0,3040,0,0,0,0
xmuSistone/ViewpagerTransition,https://github.com/xmuSistone/ViewpagerTransition,6,1,3035,0,0,0,0
ferredoxin/QNotified,https://github.com/ferredoxin/QNotified,3,28,3030,0,0,0,0
keyboardsurfer/Crouton,https://github.com/keyboardsurfer/Crouton,10,8,3028,0,0,0,0
jgilfelt/android-viewbadger,https://github.com/jgilfelt/android-viewbadger,11,0,3022,0,0,0,0
apache/logging-log4j2,https://github.com/apache/logging-log4j2,9,0,3022,0,0,0,0
rememberber/WePush,https://github.com/rememberber/WePush,5,50,3012,0,0,0,0
dmytrodanylyk/android-process-button,https://github.com/dmytrodanylyk/android-process-button,8,1,3012,0,0,0,0
ZieIony/Carbon,https://github.com/ZieIony/Carbon,8,2,3009,0,0,0,0
shopizer-ecommerce/shopizer,https://github.com/shopizer-ecommerce/shopizer,10,18,3008,0,0,0,0
KeepSafe/dexcount-gradle-plugin,https://github.com/KeepSafe/dexcount-gradle-plugin,7,21,3006,0,0,0,0
yarolegovich/SlidingRootNav,https://github.com/yarolegovich/SlidingRootNav,5,1,3004,0,0,0,0
jd-alexander/LikeButton,https://github.com/jd-alexander/LikeButton,7,14,3001,0,0,0,0
pedrovgs/DraggablePanel,https://github.com/pedrovgs/DraggablePanel,8,10,3001,0,0,0,0
guolindev/booksource,https://github.com/guolindev/booksource,6,0,3001,0,0,0,0
JackyAndroid/AndroidChromium,https://github.com/JackyAndroid/AndroidChromium,6,2,3000,0,0,0,0
facebookarchive/react-native-fbsdk,https://github.com/facebookarchive/react-native-fbsdk,7,22,2996,0,0,0,0
yui/yuicompressor,https://github.com/yui/yuicompressor,14,1,2993,0,0,0,0
cSploit/android,https://github.com/cSploit/android,8,33,2992,0,0,0,0
RoaringBitmap/RoaringBitmap,https://github.com/RoaringBitmap/RoaringBitmap,9,9,2992,0,0,0,0
apache/linkis,https://github.com/apache/linkis,3,28,2987,0,0,0,0
spotbugs/spotbugs,https://github.com/spotbugs/spotbugs,6,57,2987,0,0,0,0
google/bundletool,https://github.com/google/bundletool,4,50,2985,0,0,0,0
yusugomori/DeepLearning,https://github.com/yusugomori/DeepLearning,10,0,2983,0,0,0,0
lovetuzitong/MultiImageSelector,https://github.com/lovetuzitong/MultiImageSelector,7,2,2981,0,0,0,0
szerhusenBC/jwt-spring-security-demo,https://github.com/szerhusenBC/jwt-spring-security-demo,6,3,2976,0,0,0,0
helidon-io/helidon,https://github.com/helidon-io/helidon,4,70,2973,0,0,0,0
ltsopensource/light-task-scheduler,https://github.com/ltsopensource/light-task-scheduler,8,29,2973,0,0,0,0
AxonFramework/AxonFramework,https://github.com/AxonFramework/AxonFramework,11,109,2970,0,0,0,0
stephanenicolas/robospice,https://github.com/stephanenicolas/robospice,10,1,2968,0,0,0,0
mmin18/RealtimeBlurView,https://github.com/mmin18/RealtimeBlurView,6,0,2967,0,0,0,0
Snailclimb/guide-rpc-framework,https://github.com/Snailclimb/guide-rpc-framework,2,0,2964,0,0,0,0
jasonross/Nuwa,https://github.com/jasonross/Nuwa,7,0,2964,0,0,0,0
wix/react-native-notifications,https://github.com/wix/react-native-notifications,6,24,2957,0,0,0,0
CrawlScript/WebCollector,https://github.com/CrawlScript/WebCollector,8,0,2957,0,0,0,0
kiegroup/optaplanner,https://github.com/kiegroup/optaplanner,12,0,2941,0,0,0,0
bmelnychuk/AndroidTreeView,https://github.com/bmelnychuk/AndroidTreeView,8,0,2939,0,0,0,0
halirutan/IntelliJ-Key-Promoter-X,https://github.com/halirutan/IntelliJ-Key-Promoter-X,5,23,2937,0,0,0,0
JackyAndroid/AndroidTVLauncher,https://github.com/JackyAndroid/AndroidTVLauncher,6,3,2932,0,0,0,0
bastillion-io/Bastillion,https://github.com/bastillion-io/Bastillion,10,17,2930,0,0,0,0
hneemann/Digital,https://github.com/hneemann/Digital,6,34,2928,0,0,0,0
KeepSafe/ReLinker,https://github.com/KeepSafe/ReLinker,7,12,2927,0,0,0,0
JabRef/jabref,https://github.com/JabRef/jabref,9,37,2922,0,0,0,0
apache/curator,https://github.com/apache/curator,9,0,2919,0,0,0,0
googlesamples/android-vision,https://github.com/googlesamples/android-vision,7,0,2915,0,0,0,0
mbechler/marshalsec,https://github.com/mbechler/marshalsec,5,0,2913,0,0,0,0
201206030/novel-plus,https://github.com/201206030/novel-plus,2,19,2913,0,0,0,0
lihangleo2/ShadowLayout,https://github.com/lihangleo2/ShadowLayout,3,27,2911,0,0,0,0
yacy/yacy_search_server,https://github.com/yacy/yacy_search_server,7,0,2909,0,0,0,0
microservices-patterns/ftgo-application,https://github.com/microservices-patterns/ftgo-application,5,0,2904,0,0,0,0
